CNPJ Emitente,CNPJ Destinat√°rio,CFOP,NCM,CNAE,Valor Total,ICMS,INDAUTORIZADO,DHEMI,DTSAIDA
49808276976407,58940550786532,1102,27101932,1921700,290467.69,8886.11,0,2021-01-01,2021-01-02
38933954896263,14367814975165,1403,27101932,4731300,38291.68,8629.86,0,2021-01-02,2021-01-03
80643689242456,26938300300675,1102,27101259,1921700,51984.38,36299.32,1,2021-01-03,2021-01-04
21219446258561,72285672699153,1501,27101230,4681900,499451.84,17209.32,1,2021-01-04,2021-01-05
60050147002933,14367814975165,1501,27101241,4731300,166686.43,25069.78,0,2021-01-05,2021-01-06
49808276976407,36564007480347,1501,27101259,4681900,375351.04,69265.37,0,2021-01-06,2021-01-07
13694459720974,61387552181268,1501,27101921,4681900,404299.2,47902.0,0,2021-01-07,2021-01-08
49808276976407,92113840712637,1102,27101932,4731300,429721.52,66428.65,1,2021-01-08,2021-01-09
46813350101484,80643689242456,1403,27101241,4731300,498826.01,9978.96,0,2021-01-09,2021-01-10
36564007480347,80643689242456,1403,27101251,4681900,124540.76,26749.76,0,2021-01-10,2021-01-11
92113840712637,89225676558124,1403,27101999,4681900,24973.66,38831.23,0,2021-01-11,2021-01-12
82370628326614,58804326992743,1403,27101230,4681900,208539.8,5373.06,0,2021-01-12,2021-01-13
13694459720974,58804326992743,1202,22071010,4681900,69389.93,293.12,0,2021-01-13,2021-01-14
71947746577780,82370628326614,1403,27101251,4731300,16100.82,46930.4,0,2021-01-14,2021-01-15
93569004708861,78821056528514,1202,27101999,4731300,183411.28,44927.37,0,2021-01-15,2021-01-16
92113840712637,17237262179636,1202,27101999,4681900,392950.43,28755.22,0,2021-01-16,2021-01-17
89225676558124,18707159231111,1501,27101921,1921700,285259.44,34275.09,0,2021-01-17,2021-01-18
60050147002933,58940550786532,1202,27101921,1921700,159825.1,29081.01,0,2021-01-18,2021-01-19
13305930811735,36564007480347,1102,27101290,4731300,328899.29,1680.35,0,2021-01-19,2021-01-20
58940550786532,44312628217308,1202,27101290,4681900,119849.0,23476.01,0,2021-01-20,2021-01-21
58940550786532,14367814975165,1501,27101259,4681900,12118.82,12395.76,0,2021-01-21,2021-01-22
93569004708861,65795242760593,1202,27101999,4731300,383354.93,6889.69,0,2021-01-22,2021-01-23
18707159231111,89225676558124,1102,27101251,1921700,313752.83,66970.43,0,2021-01-23,2021-01-24
10812137970621,60050147002933,1102,27101230,1921700,382339.8,41955.18,1,2021-01-24,2021-01-25
10693186891977,62338322241752,1102,27101999,1921700,24274.32,51005.94,0,2021-01-25,2021-01-26
89225676558124,44312628217308,1501,27101921,4731300,419374.22,22075.46,0,2021-01-26,2021-01-27
20542722395709,40959396754588,1501,27101241,1921700,311665.47,27520.3,0,2021-01-27,2021-01-28
10693186891977,14367814975165,1403,22071010,4731300,283880.7,16584.68,1,2021-01-28,2021-01-29
29011497711050,46813350101484,1501,27101290,4731300,314183.95,6787.6,0,2021-01-29,2021-01-30
65795242760593,60050147002933,1102,27101932,4681900,432894.46,12532.21,0,2021-01-30,2021-01-31
46813350101484,14367814975165,1102,27101241,1921700,295533.57,55825.98,0,2021-01-31,2021-02-01
62425115410466,29011497711050,1501,27101230,4731300,292570.44,47428.21,0,2021-02-01,2021-02-02
89225676558124,21219446258561,1202,27101921,1921700,495386.18,38285.02,0,2021-02-02,2021-02-03
70072806379938,61387552181268,1501,27101921,1921700,379581.43,33256.29,0,2021-02-03,2021-02-04
58940550786532,32814832825275,1501,27101921,4681900,223935.43,64570.4,0,2021-02-04,2021-02-05
32583792063986,71947746577780,1102,27101932,1921700,355161.52,5091.45,0,2021-02-05,2021-02-06
44312628217308,32814832825275,1403,27101290,4681900,197669.08,19642.06,0,2021-02-06,2021-02-07
62338322241752,14367814975165,1102,27101241,4731300,118293.35,24495.65,0,2021-02-07,2021-02-08
10812137970621,40959396754588,1403,27101230,1921700,300441.68,54769.81,0,2021-02-08,2021-02-09
10693186891977,10812137970621,1102,27101290,4731300,464450.14,69476.02,0,2021-02-09,2021-02-10
78821056528514,39521241904683,1501,27101230,1921700,464924.06,16846.94,0,2021-02-10,2021-02-11
21219446258561,36564007480347,1102,27101290,4731300,174243.11,61201.51,0,2021-02-11,2021-02-12
67628014464771,62338322241752,1102,27101932,1921700,266200.35,58143.59,0,2021-02-12,2021-02-13
61387552181268,70072806379938,1102,22071010,1921700,109759.77,15726.02,0,2021-02-13,2021-02-14
18707159231111,72454799043664,1501,27101230,1921700,497837.4,27953.28,1,2021-02-14,2021-02-15
70072806379938,58940550786532,1501,27101290,1921700,490653.36,28677.1,0,2021-02-15,2021-02-16
58804326992743,44312628217308,1501,27101921,1921700,326506.92,68475.45,0,2021-02-16,2021-02-17
67628014464771,17237262179636,1501,27101999,1921700,403184.96,12662.43,0,2021-02-17,2021-02-18
67628014464771,71947746577780,1403,27101921,1921700,358974.58,55941.06,0,2021-02-18,2021-02-19
38933954896263,44312628217308,1403,27101259,1921700,298613.32,23393.49,0,2021-02-19,2021-02-20
38933954896263,36564007480347,1202,22071010,1921700,31407.26,51160.92,0,2021-02-20,2021-02-21
46221114558457,29011497711050,1501,22071010,4731300,230108.35,29400.77,0,2021-02-21,2021-02-22
65795242760593,99934947241273,1403,27101921,4681900,339019.22,40485.18,0,2021-02-22,2021-02-23
37576342103200,70072806379938,1102,27101241,1921700,340378.15,58282.82,0,2021-02-23,2021-02-24
67628014464771,61387552181268,1501,27101932,4681900,189695.7,56291.59,0,2021-02-24,2021-02-25
26938300300675,60050147002933,1202,27101230,1921700,471137.53,60649.62,0,2021-02-25,2021-02-26
89225676558124,39521241904683,1202,22071010,1921700,87841.73,4173.21,0,2021-02-26,2021-02-27
14367814975165,62338322241752,1202,27101921,4731300,252677.93,48443.54,0,2021-02-27,2021-02-28
13694459720974,62338322241752,1102,27101921,4731300,346987.57,9799.12,0,2021-02-28,2021-03-01
60050147002933,93569004708861,1403,27101932,4681900,350082.22,29107.3,1,2021-03-01,2021-03-02
10812137970621,32583792063986,1102,27101932,4731300,326076.28,38401.19,1,2021-03-02,2021-03-03
44387326667272,60050147002933,1501,27101251,4731300,141267.67,28191.76,0,2021-03-03,2021-03-04
82370628326614,71947746577780,1202,27101251,4681900,82322.25,36372.82,0,2021-03-04,2021-03-05
89225676558124,46221114558457,1102,27101241,4731300,319790.46,69756.84,0,2021-03-05,2021-03-06
58804326992743,37576342103200,1102,27101241,1921700,301654.55,9465.21,0,2021-03-06,2021-03-07
17237262179636,32814832825275,1403,27101259,4681900,93781.23,47281.92,0,2021-03-07,2021-03-08
60050147002933,80643689242456,1403,27101241,4681900,354043.88,27720.07,0,2021-03-08,2021-03-09
13305930811735,40959396754588,1202,27101290,1921700,230310.14,9310.69,0,2021-03-09,2021-03-10
46813350101484,58804326992743,1102,27101932,4731300,335541.49,11111.57,0,2021-03-10,2021-03-11
14367814975165,17237262179636,1102,27101290,4681900,419496.7,66449.12,0,2021-03-11,2021-03-12
18707159231111,62425115410466,1403,27101230,4681900,89015.57,61572.1,0,2021-03-12,2021-03-13
38933954896263,36564007480347,1102,27101921,1921700,14476.71,63492.94,0,2021-03-13,2021-03-14
72454799043664,93569004708861,1102,27101241,1921700,390655.78,69407.29,0,2021-03-14,2021-03-15
58940550786532,35309925740009,1102,27101921,4731300,306800.23,14582.08,0,2021-03-15,2021-03-16
10693186891977,32583792063986,1403,22071010,4681900,351321.59,24880.75,0,2021-03-16,2021-03-17
10693186891977,99934947241273,1202,27101259,4731300,419886.71,46845.33,0,2021-03-17,2021-03-18
72454799043664,93569004708861,1501,22071010,4731300,402391.41,33866.18,0,2021-03-18,2021-03-19
44387326667272,10812137970621,1202,27101259,1921700,480655.47,29287.27,0,2021-03-19,2021-03-20
20542722395709,80643689242456,1501,27101251,4681900,270287.86,25046.79,0,2021-03-20,2021-03-21
20542722395709,55646664180312,1102,27101921,4681900,246805.34,41564.64,0,2021-03-21,2021-03-22
99934947241273,26938300300675,1202,27101259,4681900,203934.16,40291.54,0,2021-03-22,2021-03-23
89225676558124,14367814975165,1501,27101999,1921700,81077.07,11302.05,0,2021-03-23,2021-03-24
61387552181268,36564007480347,1403,27101290,1921700,288440.58,33021.79,0,2021-03-24,2021-03-25
82370628326614,80643689242456,1403,27101259,1921700,142121.2,38743.02,0,2021-03-25,2021-03-26
20542722395709,32583792063986,1202,27101259,1921700,461047.22,39920.09,0,2021-03-26,2021-03-27
46813350101484,99934947241273,1202,27101290,1921700,293679.45,14707.5,0,2021-03-27,2021-03-28
20542722395709,38933954896263,1102,27101921,4681900,298455.89,51959.0,1,2021-03-28,2021-03-29
72285672699153,62338322241752,1202,27101921,4731300,180687.71,1763.94,0,2021-03-29,2021-03-30
20542722395709,75563085556768,1102,27101290,4681900,30734.73,24838.23,0,2021-03-30,2021-03-31
61387552181268,29011497711050,1102,22071010,4731300,20713.16,54614.89,0,2021-03-31,2021-04-01
61387552181268,71947746577780,1403,27101999,1921700,214550.9,39472.5,1,2021-04-01,2021-04-02
67628014464771,46813350101484,1403,27101230,4731300,46859.86,18281.37,0,2021-04-02,2021-04-03
62425115410466,17237262179636,1501,27101999,4681900,305389.24,48646.72,0,2021-04-03,2021-04-04
46813350101484,18707159231111,1403,27101921,4681900,441081.64,39717.37,0,2021-04-04,2021-04-05
10693186891977,20542722395709,1403,27101251,4731300,442042.83,55737.05,0,2021-04-05,2021-04-06
14367814975165,67628014464771,1202,27101241,1921700,331227.48,51451.76,0,2021-04-06,2021-04-07
13694459720974,39521241904683,1403,27101259,1921700,109559.76,42707.55,0,2021-04-07,2021-04-08
55335799113741,13305930811735,1501,27101290,4681900,432183.43,34172.44,0,2021-04-08,2021-04-09
61387552181268,44312628217308,1202,27101290,4731300,443616.25,9322.75,0,2021-04-09,2021-04-10
38933954896263,92113840712637,1501,27101259,1921700,102343.52,18293.31,0,2021-04-10,2021-04-11
93569004708861,80643689242456,1403,27101241,1921700,370025.91,29336.96,0,2021-04-11,2021-04-12
10693186891977,44387326667272,1501,27101230,4681900,146827.18,41950.95,0,2021-04-12,2021-04-13
58804326992743,21219446258561,1202,27101241,1921700,402306.95,35959.55,0,2021-04-13,2021-04-14
10693186891977,37576342103200,1102,27101241,4731300,498632.76,20172.92,0,2021-04-14,2021-04-15
29011497711050,62425115410466,1501,27101241,4681900,19862.87,452.51,0,2021-04-15,2021-04-16
37576342103200,13694459720974,1501,27101230,4681900,449196.1,34736.75,0,2021-04-16,2021-04-17
72285672699153,35309925740009,1202,27101230,4731300,313202.11,19993.82,0,2021-04-17,2021-04-18
40959396754588,46813350101484,1202,27101921,4681900,486824.4,51422.58,0,2021-04-18,2021-04-19
72454799043664,57313428307289,1501,27101259,1921700,235179.71,1676.24,0,2021-04-19,2021-04-20
71947746577780,93569004708861,1403,27101230,1921700,424457.03,40937.95,0,2021-04-20,2021-04-21
46634094027630,35309925740009,1501,27101230,4731300,35885.06,65903.2,0,2021-04-21,2021-04-22
58804326992743,62338322241752,1202,27101921,1921700,170963.13,12208.65,0,2021-04-22,2021-04-23
21219446258561,62425115410466,1102,27101290,4731300,38173.19,33015.46,1,2021-04-23,2021-04-24
37576342103200,13694459720974,1102,27101921,4731300,487794.85,6399.54,0,2021-04-24,2021-04-25
75563085556768,80643689242456,1403,22071010,1921700,409402.08,43797.73,0,2021-04-25,2021-04-26
26710344680070,58940550786532,1501,22071010,4731300,427010.97,38537.22,0,2021-04-26,2021-04-27
14367814975165,57313428307289,1102,27101251,1921700,469292.79,28515.59,0,2021-04-27,2021-04-28
13305930811735,36564007480347,1501,27101241,4681900,47126.23,36496.39,0,2021-04-28,2021-04-29
58804326992743,13305930811735,1202,27101259,4681900,195870.81,62760.23,0,2021-04-29,2021-04-30
26710344680070,13305930811735,1102,27101932,4731300,40162.27,13740.6,0,2021-04-30,2021-05-01
44312628217308,32814832825275,1403,27101999,1921700,109342.59,1579.52,0,2021-05-01,2021-05-02
82370628326614,93569004708861,1202,27101921,1921700,118536.06,60316.54,0,2021-05-02,2021-05-03
46221114558457,44387326667272,1403,27101290,4681900,237208.07,40398.2,0,2021-05-03,2021-05-04
62338322241752,49808276976407,1202,27101999,4681900,137938.27,62346.09,0,2021-05-04,2021-05-05
55335799113741,26938300300675,1102,27101290,1921700,54984.16,41786.17,0,2021-05-05,2021-05-06
93569004708861,93569004708861,1403,27101999,4731300,87908.09,56711.28,0,2021-05-06,2021-05-07
82370628326614,37576342103200,1403,27101921,4681900,77901.4,30077.14,0,2021-05-07,2021-05-08
55335799113741,40959396754588,1202,27101932,4731300,486673.01,52490.2,0,2021-05-08,2021-05-09
46221114558457,61387552181268,1403,27101999,4731300,380849.79,63912.9,0,2021-05-09,2021-05-10
10693186891977,78821056528514,1202,27101921,4681900,484041.93,40048.61,0,2021-05-10,2021-05-11
78821056528514,55646664180312,1202,27101230,4731300,222671.54,12654.96,0,2021-05-11,2021-05-12
44387326667272,60050147002933,1202,27101932,4731300,142792.4,18815.83,0,2021-05-12,2021-05-13
14367814975165,46634094027630,1202,27101290,1921700,400155.13,13905.12,0,2021-05-13,2021-05-14
80643689242456,60050147002933,1102,22071010,4731300,166495.69,17279.99,0,2021-05-14,2021-05-15
89225676558124,72285672699153,1202,27101241,1921700,153194.77,21449.08,0,2021-05-15,2021-05-16
55646664180312,32583792063986,1501,22071010,4681900,120090.47,38859.37,0,2021-05-16,2021-05-17
80643689242456,38933954896263,1403,27101932,4681900,69191.09,41159.41,0,2021-05-17,2021-05-18
13694459720974,72454799043664,1501,27101290,1921700,131949.22,29854.98,0,2021-05-18,2021-05-19
37576342103200,26938300300675,1102,27101999,4681900,180883.28,43079.45,0,2021-05-19,2021-05-20
67628014464771,78821056528514,1501,27101290,4731300,338627.13,5710.24,0,2021-05-20,2021-05-21
26938300300675,58804326992743,1403,27101999,4731300,35969.6,6145.18,0,2021-05-21,2021-05-22
70299905983268,72454799043664,1501,27101921,4731300,109200.94,12028.06,0,2021-05-22,2021-05-23
62425115410466,14367814975165,1102,27101932,4681900,405466.7,36265.42,0,2021-05-23,2021-05-24
39521241904683,20542722395709,1202,27101921,4731300,77726.35,14979.63,0,2021-05-24,2021-05-25
65795242760593,44312628217308,1501,27101251,4681900,174609.35,19829.91,0,2021-05-25,2021-05-26
18707159231111,32583792063986,1102,27101999,4731300,433006.17,28021.9,0,2021-05-26,2021-05-27
49808276976407,21219446258561,1102,27101230,1921700,81688.03,56830.63,0,2021-05-27,2021-05-28
78821056528514,93569004708861,1403,27101921,4681900,45954.73,970.35,0,2021-05-28,2021-05-29
26710344680070,67628014464771,1403,27101251,4681900,244846.31,45456.52,0,2021-05-29,2021-05-30
93569004708861,70299905983268,1501,27101259,4731300,154697.66,46821.36,0,2021-05-30,2021-05-31
75563085556768,57313428307289,1202,22071010,4681900,283887.14,55905.9,0,2021-05-31,2021-06-01
20542722395709,20542722395709,1102,27101290,4681900,402883.42,65292.71,0,2021-06-01,2021-06-02
61387552181268,78821056528514,1501,27101251,1921700,72888.5,1409.65,0,2021-06-02,2021-06-03
13694459720974,72285672699153,1102,27101932,1921700,292446.05,10764.86,1,2021-06-03,2021-06-04
75563085556768,46221114558457,1102,27101921,4731300,255226.84,62031.99,0,2021-06-04,2021-06-05
99934947241273,44387326667272,1202,27101932,1921700,76319.0,32096.3,0,2021-06-05,2021-06-06
71947746577780,20542722395709,1202,22071010,4731300,313879.25,39521.34,0,2021-06-06,2021-06-07
46813350101484,46221114558457,1501,27101230,4731300,140452.01,46411.9,0,2021-06-07,2021-06-08
10693186891977,21219446258561,1202,27101932,4731300,246477.99,47534.66,0,2021-06-08,2021-06-09
13305930811735,67628014464771,1202,27101999,4681900,45724.8,65221.83,0,2021-06-09,2021-06-10
44387326667272,80643689242456,1501,27101230,1921700,232494.11,69786.46,0,2021-06-10,2021-06-11
49808276976407,20542722395709,1202,27101230,4731300,156699.42,50411.02,0,2021-06-11,2021-06-12
55335799113741,78821056528514,1403,27101251,1921700,412078.7,20105.48,1,2021-06-12,2021-06-13
75563085556768,13694459720974,1102,27101230,4731300,33204.47,61582.67,0,2021-06-13,2021-06-14
26710344680070,10693186891977,1102,27101241,1921700,212210.6,3445.46,0,2021-06-14,2021-06-15
82370628326614,10812137970621,1102,22071010,1921700,231923.55,16175.66,1,2021-06-15,2021-06-16
46221114558457,65795242760593,1102,27101230,4731300,363878.01,62817.0,0,2021-06-16,2021-06-17
72454799043664,62425115410466,1501,27101932,4681900,289272.35,17933.41,0,2021-06-17,2021-06-18
14367814975165,55335799113741,1102,27101259,1921700,335270.11,15445.57,0,2021-06-18,2021-06-19
72454799043664,10693186891977,1102,27101241,4681900,389639.4,9668.77,0,2021-06-19,2021-06-20
37576342103200,65795242760593,1102,27101241,4681900,431790.47,60137.82,1,2021-06-20,2021-06-21
20542722395709,44312628217308,1102,27101999,4731300,160368.37,35004.08,1,2021-06-21,2021-06-22
17237262179636,20542722395709,1403,27101230,4731300,271321.24,47242.52,0,2021-06-22,2021-06-23
62338322241752,70072806379938,1102,27101999,4731300,420853.5,16734.65,0,2021-06-23,2021-06-24
40959396754588,44312628217308,1403,27101999,1921700,494778.31,53062.83,0,2021-06-24,2021-06-25
80643689242456,65795242760593,1501,27101259,4731300,445312.06,53200.39,0,2021-06-25,2021-06-26
46221114558457,26710344680070,1202,27101251,4731300,188876.29,21881.86,0,2021-06-26,2021-06-27
49808276976407,80643689242456,1102,27101230,1921700,101607.43,28747.78,0,2021-06-27,2021-06-28
75563085556768,55335799113741,1202,27101921,1921700,247249.31,14678.32,1,2021-06-28,2021-06-29
26938300300675,55646664180312,1202,27101999,4731300,372112.52,68359.27,1,2021-06-29,2021-06-30
49808276976407,13694459720974,1501,22071010,4731300,248821.69,45192.18,0,2021-06-30,2021-07-01
26938300300675,92113840712637,1202,27101290,4731300,244174.53,65418.07,0,2021-07-01,2021-07-02
44312628217308,36564007480347,1403,22071010,4731300,419924.06,21236.99,0,2021-07-02,2021-07-03
55646664180312,70299905983268,1202,27101259,4681900,183894.87,54732.36,0,2021-07-03,2021-07-04
35309925740009,61387552181268,1202,27101259,4681900,430598.36,53610.11,0,2021-07-04,2021-07-05
55646664180312,67628014464771,1202,27101932,4731300,206368.38,48415.9,0,2021-07-05,2021-07-06
61387552181268,20542722395709,1102,27101251,4681900,167475.39,67594.73,0,2021-07-06,2021-07-07
49808276976407,70299905983268,1102,27101999,1921700,229725.01,27548.87,0,2021-07-07,2021-07-08
26710344680070,65795242760593,1403,22071010,4681900,382411.24,9150.21,0,2021-07-08,2021-07-09
44387326667272,40959396754588,1403,27101290,4681900,67371.0,47019.62,1,2021-07-09,2021-07-10
62338322241752,29011497711050,1102,27101259,4731300,102227.51,51051.69,0,2021-07-10,2021-07-11
14367814975165,13694459720974,1403,27101259,4681900,475965.19,40254.24,0,2021-07-11,2021-07-12
29011497711050,17237262179636,1102,27101251,4681900,91868.36,14477.25,0,2021-07-12,2021-07-13
14367814975165,44312628217308,1501,27101290,4681900,286025.02,35311.92,0,2021-07-13,2021-07-14
92113840712637,89225676558124,1202,27101290,4681900,291760.66,21853.28,1,2021-07-14,2021-07-15
57313428307289,82370628326614,1202,27101251,1921700,247364.11,29922.66,0,2021-07-15,2021-07-16
75563085556768,10693186891977,1403,27101259,4731300,324148.9,45165.3,0,2021-07-16,2021-07-17
46221114558457,32814832825275,1102,27101230,4731300,118764.23,52165.03,0,2021-07-17,2021-07-18
17237262179636,32814832825275,1102,27101230,1921700,278567.82,16255.73,0,2021-07-18,2021-07-19
78821056528514,55335799113741,1403,27101251,4681900,189225.76,28372.78,0,2021-07-19,2021-07-20
82370628326614,35309925740009,1102,27101290,1921700,332525.29,18841.31,0,2021-07-20,2021-07-21
72285672699153,46634094027630,1501,27101999,4681900,74905.65,13904.21,0,2021-07-21,2021-07-22
14367814975165,14367814975165,1202,27101251,1921700,287584.32,54837.11,0,2021-07-22,2021-07-23
75563085556768,62425115410466,1403,27101251,4731300,96708.83,63647.69,0,2021-07-23,2021-07-24
99934947241273,67628014464771,1403,27101241,4731300,142928.32,25916.25,0,2021-07-24,2021-07-25
21219446258561,10693186891977,1102,22071010,4731300,113261.35,52589.52,0,2021-07-25,2021-07-26
21219446258561,70299905983268,1403,27101290,4681900,95504.7,62789.67,0,2021-07-26,2021-07-27
35309925740009,78821056528514,1501,27101932,4681900,413726.92,59228.69,0,2021-07-27,2021-07-28
65795242760593,44312628217308,1102,27101932,1921700,146425.25,12796.94,0,2021-07-28,2021-07-29
40959396754588,17237262179636,1102,27101290,1921700,463926.27,66940.43,0,2021-07-29,2021-07-30
40959396754588,13694459720974,1102,27101241,4731300,485113.63,26367.35,0,2021-07-30,2021-07-31
70072806379938,82370628326614,1102,27101241,4681900,287773.93,23746.85,0,2021-07-31,2021-08-01
17237262179636,72454799043664,1501,27101259,1921700,75785.56,4370.19,0,2021-08-01,2021-08-02
60050147002933,62425115410466,1102,22071010,4681900,190401.38,34032.16,0,2021-08-02,2021-08-03
60050147002933,17237262179636,1403,27101230,4681900,399877.47,7630.95,0,2021-08-03,2021-08-04
46634094027630,36564007480347,1501,27101921,4731300,186858.41,17397.79,0,2021-08-04,2021-08-05
57313428307289,46813350101484,1202,27101921,4731300,48073.52,22185.98,0,2021-08-05,2021-08-06
65795242760593,82370628326614,1202,27101921,4681900,280608.53,56617.84,0,2021-08-06,2021-08-07
14367814975165,14367814975165,1403,27101290,4681900,423334.82,61284.21,0,2021-08-07,2021-08-08
67628014464771,67628014464771,1403,27101932,4681900,398983.56,21172.64,0,2021-08-08,2021-08-09
36564007480347,36564007480347,1501,27101932,4681900,91685.95,60108.87,0,2021-08-09,2021-08-10
14367814975165,17237262179636,1202,27101230,4731300,338018.48,60006.17,0,2021-08-10,2021-08-11
71947746577780,46634094027630,1202,27101290,1921700,114149.61,53525.57,1,2021-08-11,2021-08-12
75563085556768,49808276976407,1202,27101921,4731300,113012.73,10268.66,0,2021-08-12,2021-08-13
55335799113741,10693186891977,1202,27101999,1921700,437665.53,48322.6,0,2021-08-13,2021-08-14
29011497711050,72454799043664,1202,27101932,4681900,128586.13,66151.68,0,2021-08-14,2021-08-15
49808276976407,92113840712637,1102,27101259,1921700,135307.44,47777.83,0,2021-08-15,2021-08-16
20542722395709,10693186891977,1403,27101251,4731300,5323.43,23213.18,0,2021-08-16,2021-08-17
72285672699153,35309925740009,1102,27101999,4731300,435981.17,35040.55,0,2021-08-17,2021-08-18
38933954896263,32583792063986,1202,27101932,4681900,397334.43,45200.75,0,2021-08-18,2021-08-19
67628014464771,26710344680070,1501,27101241,4731300,315527.82,35739.93,0,2021-08-19,2021-08-20
65795242760593,29011497711050,1501,27101932,4681900,376381.55,8396.71,0,2021-08-20,2021-08-21
44312628217308,46813350101484,1202,27101259,4731300,80264.04,21844.48,0,2021-08-21,2021-08-22
35309925740009,57313428307289,1202,27101921,4731300,231870.18,56167.72,0,2021-08-22,2021-08-23
58804326992743,92113840712637,1501,27101241,4681900,178853.6,60299.26,0,2021-08-23,2021-08-24
49808276976407,39521241904683,1102,27101290,1921700,51419.38,9611.0,0,2021-08-24,2021-08-25
44387326667272,75563085556768,1102,22071010,4731300,245634.59,66667.07,0,2021-08-25,2021-08-26
46813350101484,55646664180312,1202,27101921,1921700,460766.13,23017.58,0,2021-08-26,2021-08-27
72454799043664,78821056528514,1102,22071010,4731300,24829.26,46361.96,0,2021-08-27,2021-08-28
44312628217308,32814832825275,1501,27101999,4731300,149273.15,52627.76,0,2021-08-28,2021-08-29
20542722395709,78821056528514,1102,27101251,4731300,107732.76,56836.24,0,2021-08-29,2021-08-30
35309925740009,14367814975165,1202,27101241,4731300,122882.59,66202.48,0,2021-08-30,2021-08-31
39521241904683,62425115410466,1501,27101230,1921700,454675.1,21904.37,0,2021-08-31,2021-09-01
49808276976407,57313428307289,1102,27101241,1921700,236694.18,60095.45,0,2021-09-01,2021-09-02
14367814975165,55335799113741,1403,27101932,4731300,235818.21,9218.08,0,2021-09-02,2021-09-03
57313428307289,75563085556768,1501,27101932,4731300,381484.94,49352.86,0,2021-09-03,2021-09-04
10693186891977,55335799113741,1501,27101932,1921700,81473.64,51938.44,0,2021-09-04,2021-09-05
62425115410466,62338322241752,1403,27101999,4681900,246196.35,47440.63,0,2021-09-05,2021-09-06
14367814975165,44312628217308,1403,27101921,4681900,217842.68,17662.03,0,2021-09-06,2021-09-07
82370628326614,55646664180312,1501,27101230,1921700,300470.79,61113.02,0,2021-09-07,2021-09-08
55646664180312,61387552181268,1403,27101230,4731300,499781.06,11820.09,0,2021-09-08,2021-09-09
26938300300675,13694459720974,1202,27101932,4731300,385877.2,3754.44,0,2021-09-09,2021-09-10
18707159231111,36564007480347,1202,22071010,4681900,201943.52,50222.55,0,2021-09-10,2021-09-11
39521241904683,71947746577780,1202,27101999,4681900,414638.76,33283.3,0,2021-09-11,2021-09-12
82370628326614,46221114558457,1501,27101932,1921700,89500.64,59436.86,0,2021-09-12,2021-09-13
80643689242456,37576342103200,1403,27101251,4681900,20079.52,26837.8,0,2021-09-13,2021-09-14
35309925740009,18707159231111,1403,27101921,1921700,106201.94,11779.5,0,2021-09-14,2021-09-15
72454799043664,61387552181268,1102,27101290,4681900,173503.72,58550.95,0,2021-09-15,2021-09-16
70299905983268,82370628326614,1102,27101251,4681900,257737.47,38423.67,0,2021-09-16,2021-09-17
10693186891977,62425115410466,1403,22071010,4681900,309488.92,13243.71,1,2021-09-17,2021-09-18
36564007480347,99934947241273,1403,27101241,4731300,455749.83,50426.88,0,2021-09-18,2021-09-19
21219446258561,46221114558457,1403,27101241,4731300,257377.73,35777.95,0,2021-09-19,2021-09-20
62425115410466,71947746577780,1501,27101251,4731300,253131.44,42301.91,0,2021-09-20,2021-09-21
61387552181268,46813350101484,1403,27101932,4681900,29870.29,32262.88,0,2021-09-21,2021-09-22
60050147002933,40959396754588,1102,27101290,1921700,22281.22,58009.63,0,2021-09-22,2021-09-23
18707159231111,65795242760593,1501,27101259,1921700,277824.18,58069.39,0,2021-09-23,2021-09-24
61387552181268,13305930811735,1403,27101259,1921700,221898.41,49657.22,0,2021-09-24,2021-09-25
93569004708861,46634094027630,1102,22071010,1921700,420394.3,7378.1,0,2021-09-25,2021-09-26
72285672699153,38933954896263,1501,27101932,4731300,84536.39,58719.77,0,2021-09-26,2021-09-27
80643689242456,49808276976407,1403,27101230,4731300,17360.97,46970.91,0,2021-09-27,2021-09-28
14367814975165,21219446258561,1403,27101230,4681900,227274.19,48791.69,0,2021-09-28,2021-09-29
13305930811735,38933954896263,1403,27101921,4681900,122551.89,25408.8,0,2021-09-29,2021-09-30
32583792063986,72454799043664,1501,27101290,1921700,29559.11,61549.57,0,2021-09-30,2021-10-01
75563085556768,72285672699153,1102,27101290,4731300,363676.15,50776.01,0,2021-10-01,2021-10-02
89225676558124,32814832825275,1102,27101241,1921700,60238.53,7881.33,0,2021-10-02,2021-10-03
44312628217308,65795242760593,1202,27101999,4681900,306118.15,28544.46,1,2021-10-03,2021-10-04
18707159231111,35309925740009,1403,22071010,4681900,144119.63,62046.63,0,2021-10-04,2021-10-05
93569004708861,62425115410466,1202,27101259,1921700,90880.54,3303.77,0,2021-10-05,2021-10-06
49808276976407,10693186891977,1202,22071010,4681900,192977.0,67299.16,0,2021-10-06,2021-10-07
70299905983268,72285672699153,1102,27101230,1921700,401715.66,47541.38,0,2021-10-07,2021-10-08
26938300300675,70299905983268,1501,27101230,4731300,199086.32,44196.32,0,2021-10-08,2021-10-09
72454799043664,72285672699153,1501,27101251,1921700,376630.98,18939.15,0,2021-10-09,2021-10-10
10812137970621,92113840712637,1102,27101921,4731300,67115.72,17415.43,0,2021-10-10,2021-10-11
78821056528514,13305930811735,1501,27101290,4731300,387521.85,65944.08,1,2021-10-11,2021-10-12
62338322241752,80643689242456,1202,22071010,4681900,122282.0,20879.07,0,2021-10-12,2021-10-13
70072806379938,61387552181268,1403,27101230,4681900,340309.6,54285.37,0,2021-10-13,2021-10-14
46221114558457,70072806379938,1102,27101999,4681900,285061.87,27518.53,0,2021-10-14,2021-10-15
13694459720974,26938300300675,1403,27101241,1921700,464926.64,9747.78,0,2021-10-15,2021-10-16
17237262179636,89225676558124,1501,27101259,1921700,196724.65,750.07,1,2021-10-16,2021-10-17
35309925740009,13305930811735,1403,27101921,4681900,37751.77,38098.01,0,2021-10-17,2021-10-18
26710344680070,21219446258561,1501,27101999,1921700,14481.97,68304.52,0,2021-10-18,2021-10-19
92113840712637,32583792063986,1501,27101921,4681900,414294.99,25839.53,0,2021-10-19,2021-10-20
99934947241273,35309925740009,1202,27101251,1921700,264744.14,25003.46,0,2021-10-20,2021-10-21
62425115410466,29011497711050,1501,27101230,4731300,388745.81,24086.41,0,2021-10-21,2021-10-22
58940550786532,93569004708861,1202,27101241,4731300,121040.67,36438.07,0,2021-10-22,2021-10-23
67628014464771,44312628217308,1202,27101999,4681900,175816.45,30846.54,0,2021-10-23,2021-10-24
46634094027630,70072806379938,1202,27101921,1921700,19901.42,61594.02,0,2021-10-24,2021-10-25
61387552181268,46634094027630,1102,27101290,1921700,480938.7,35386.46,0,2021-10-25,2021-10-26
10693186891977,62425115410466,1102,27101251,4731300,335594.61,35543.05,0,2021-10-26,2021-10-27
62425115410466,46813350101484,1501,27101290,4731300,466936.52,9686.01,1,2021-10-27,2021-10-28
21219446258561,37576342103200,1202,27101241,4681900,136420.72,68791.77,0,2021-10-28,2021-10-29
26938300300675,58804326992743,1102,27101999,4731300,307674.49,17498.1,0,2021-10-29,2021-10-30
21219446258561,55646664180312,1202,27101251,4681900,340857.48,5135.48,0,2021-10-30,2021-10-31
21219446258561,57313428307289,1403,27101999,4731300,162187.1,46420.24,0,2021-10-31,2021-11-01
20542722395709,18707159231111,1403,27101230,4731300,424814.07,41675.65,0,2021-11-01,2021-11-02
18707159231111,62338322241752,1403,27101932,1921700,473844.92,29060.2,1,2021-11-02,2021-11-03
58804326992743,44387326667272,1501,27101251,4731300,443003.28,29553.46,0,2021-11-03,2021-11-04
58940550786532,40959396754588,1202,27101290,4731300,370838.15,54954.47,0,2021-11-04,2021-11-05
32583792063986,46634094027630,1403,27101241,4681900,142345.02,13699.88,0,2021-11-05,2021-11-06
46813350101484,72285672699153,1102,27101230,4731300,144399.94,57417.73,0,2021-11-06,2021-11-07
14367814975165,46813350101484,1403,27101932,4681900,481863.36,45412.3,1,2021-11-07,2021-11-08
17237262179636,26938300300675,1403,27101259,4731300,10090.83,29327.88,0,2021-11-08,2021-11-09
38933954896263,40959396754588,1403,27101230,4731300,359444.74,32062.0,1,2021-11-09,2021-11-10
38933954896263,99934947241273,1501,27101241,4681900,354591.85,17965.3,0,2021-11-10,2021-11-11
71947746577780,62425115410466,1102,27101921,1921700,313231.32,52648.0,1,2021-11-11,2021-11-12
89225676558124,18707159231111,1202,27101251,4681900,495103.88,35901.23,0,2021-11-12,2021-11-13
29011497711050,21219446258561,1102,27101999,4681900,159380.32,22459.82,0,2021-11-13,2021-11-14
58804326992743,57313428307289,1202,27101241,4681900,173286.07,41723.51,0,2021-11-14,2021-11-15
70072806379938,60050147002933,1501,27101251,1921700,44075.0,69701.41,0,2021-11-15,2021-11-16
10693186891977,39521241904683,1501,27101999,4731300,224185.08,30468.36,0,2021-11-16,2021-11-17
65795242760593,58804326992743,1501,22071010,4681900,134219.02,64448.4,0,2021-11-17,2021-11-18
36564007480347,60050147002933,1501,27101290,4681900,174976.42,24151.18,0,2021-11-18,2021-11-19
49808276976407,80643689242456,1202,27101259,1921700,418113.04,3831.29,0,2021-11-19,2021-11-20
80643689242456,46634094027630,1403,27101230,4681900,468064.83,14296.95,0,2021-11-20,2021-11-21
26710344680070,99934947241273,1202,27101241,4731300,96937.87,29308.66,0,2021-11-21,2021-11-22
10812137970621,70072806379938,1102,27101259,1921700,189391.92,15374.45,0,2021-11-22,2021-11-23
70299905983268,78821056528514,1501,27101921,4731300,464672.13,15.89,0,2021-11-23,2021-11-24
18707159231111,32814832825275,1501,27101251,4731300,35595.19,64050.11,0,2021-11-24,2021-11-25
65795242760593,70072806379938,1102,27101251,1921700,50718.46,59071.56,0,2021-11-25,2021-11-26
55335799113741,72285672699153,1202,27101241,4681900,85581.54,51960.46,0,2021-11-26,2021-11-27
72285672699153,93569004708861,1403,27101932,4731300,299630.35,11747.02,1,2021-11-27,2021-11-28
55335799113741,57313428307289,1403,27101932,4731300,79483.77,8425.45,0,2021-11-28,2021-11-29
67628014464771,67628014464771,1102,22071010,4731300,484197.81,4732.33,0,2021-11-29,2021-11-30
93569004708861,35309925740009,1403,27101290,4731300,226123.69,50682.04,0,2021-11-30,2021-12-01
46813350101484,61387552181268,1202,27101999,1921700,253251.39,65016.56,0,2021-12-01,2021-12-02
93569004708861,32583792063986,1202,27101921,1921700,127096.01,30137.51,0,2021-12-02,2021-12-03
62425115410466,13694459720974,1102,27101259,4731300,238125.32,8339.85,0,2021-12-03,2021-12-04
13305930811735,62338322241752,1202,27101932,4681900,332647.25,35867.5,0,2021-12-04,2021-12-05
99934947241273,93569004708861,1501,22071010,4731300,376832.68,24418.23,0,2021-12-05,2021-12-06
13694459720974,44312628217308,1102,22071010,4681900,378164.7,26237.74,0,2021-12-06,2021-12-07
13694459720974,57313428307289,1202,27101241,4731300,291056.1,43493.14,0,2021-12-07,2021-12-08
36564007480347,37576342103200,1102,27101921,4681900,452658.09,50310.27,0,2021-12-08,2021-12-09
46634094027630,80643689242456,1403,27101999,4731300,409616.88,7742.25,0,2021-12-09,2021-12-10
10693186891977,37576342103200,1202,27101290,4681900,379738.82,2491.32,0,2021-12-10,2021-12-11
75563085556768,62338322241752,1501,27101230,4731300,32524.73,69603.12,1,2021-12-11,2021-12-12
26938300300675,20542722395709,1202,27101241,4731300,8404.59,16290.98,0,2021-12-12,2021-12-13
80643689242456,89225676558124,1102,27101999,4681900,110161.4,3768.14,0,2021-12-13,2021-12-14
70072806379938,80643689242456,1102,27101230,1921700,333444.18,13291.27,0,2021-12-14,2021-12-15
13694459720974,49808276976407,1202,27101230,4681900,208542.76,2727.05,1,2021-12-15,2021-12-16
26710344680070,46634094027630,1501,27101921,1921700,204191.1,27426.76,1,2021-12-16,2021-12-17
89225676558124,36564007480347,1501,27101921,4731300,442870.51,56168.12,0,2021-12-17,2021-12-18
71947746577780,72454799043664,1501,27101259,4681900,448303.61,23887.11,0,2021-12-18,2021-12-19
21219446258561,21219446258561,1102,22071010,4681900,455041.76,31092.84,0,2021-12-19,2021-12-20
44312628217308,71947746577780,1202,27101999,4681900,160369.65,47291.07,0,2021-12-20,2021-12-21
82370628326614,14367814975165,1403,27101241,1921700,347072.63,35622.58,0,2021-12-21,2021-12-22
99934947241273,62338322241752,1102,27101251,1921700,139458.42,60301.2,1,2021-12-22,2021-12-23
93569004708861,36564007480347,1501,27101241,4731300,99351.87,60622.5,0,2021-12-23,2021-12-24
26710344680070,46221114558457,1202,27101259,1921700,96393.07,693.75,0,2021-12-24,2021-12-25
46813350101484,55335799113741,1501,27101290,1921700,174343.27,54463.24,0,2021-12-25,2021-12-26
21219446258561,49808276976407,1403,22071010,4731300,217829.02,32251.35,0,2021-12-26,2021-12-27
44312628217308,32583792063986,1501,27101251,4681900,416319.84,69218.84,0,2021-12-27,2021-12-28
92113840712637,72285672699153,1501,27101932,4681900,64346.09,33826.25,0,2021-12-28,2021-12-29
67628014464771,70072806379938,1403,27101290,4731300,368788.29,69082.72,1,2021-12-29,2021-12-30
71947746577780,32583792063986,1202,27101921,4681900,268070.18,52819.86,1,2021-12-30,2021-12-31
36564007480347,46634094027630,1102,27101230,1921700,147532.94,17402.34,0,2021-12-31,2022-01-01
20542722395709,13305930811735,1202,27101932,4731300,248945.69,37687.65,0,2022-01-01,2022-01-02
65795242760593,93569004708861,1403,27101241,4731300,153471.32,69449.49,0,2022-01-02,2022-01-03
35309925740009,61387552181268,1501,27101241,4731300,300060.57,60027.14,0,2022-01-03,2022-01-04
71947746577780,13305930811735,1202,27101921,4681900,219752.74,6815.68,0,2022-01-04,2022-01-05
99934947241273,13305930811735,1102,27101259,4731300,86380.74,49446.04,0,2022-01-05,2022-01-06
26710344680070,80643689242456,1403,27101999,4731300,62708.62,24190.57,1,2022-01-06,2022-01-07
93569004708861,72285672699153,1202,27101932,4731300,275614.36,488.76,0,2022-01-07,2022-01-08
93569004708861,13694459720974,1102,27101932,4681900,451694.45,28243.67,0,2022-01-08,2022-01-09
75563085556768,26938300300675,1403,27101290,1921700,175259.05,16432.81,0,2022-01-09,2022-01-10
57313428307289,32583792063986,1102,22071010,4731300,367835.05,57320.85,0,2022-01-10,2022-01-11
89225676558124,80643689242456,1403,27101290,1921700,331037.37,23613.14,0,2022-01-11,2022-01-12
62338322241752,18707159231111,1501,27101999,4681900,466119.68,57926.66,0,2022-01-12,2022-01-13
14367814975165,26938300300675,1202,27101241,4681900,411385.6,41.86,0,2022-01-13,2022-01-14
65795242760593,89225676558124,1102,27101241,4681900,285469.6,21547.34,0,2022-01-14,2022-01-15
46813350101484,49808276976407,1403,27101241,4681900,330230.1,16881.57,0,2022-01-15,2022-01-16
62425115410466,82370628326614,1102,27101241,1921700,449701.3,16349.72,0,2022-01-16,2022-01-17
32814832825275,70299905983268,1102,27101999,4731300,202761.8,4773.06,0,2022-01-17,2022-01-18
71947746577780,46813350101484,1202,27101921,4681900,166763.38,13098.7,0,2022-01-18,2022-01-19
62338322241752,38933954896263,1501,22071010,4681900,10351.49,38888.47,0,2022-01-19,2022-01-20
46634094027630,38933954896263,1102,27101999,1921700,414142.78,20395.28,0,2022-01-20,2022-01-21
39521241904683,65795242760593,1403,22071010,1921700,401485.45,29217.63,0,2022-01-21,2022-01-22
32814832825275,40959396754588,1403,27101999,4681900,56704.99,26380.68,1,2022-01-22,2022-01-23
55335799113741,46634094027630,1501,27101241,4731300,290544.4,61313.34,0,2022-01-23,2022-01-24
10693186891977,99934947241273,1403,27101921,4731300,234670.94,63370.93,0,2022-01-24,2022-01-25
13694459720974,55335799113741,1501,27101932,4681900,63761.0,34506.99,1,2022-01-25,2022-01-26
71947746577780,46813350101484,1403,27101290,1921700,490381.27,23110.92,0,2022-01-26,2022-01-27
70072806379938,38933954896263,1202,27101230,4681900,111274.46,7476.05,0,2022-01-27,2022-01-28
29011497711050,20542722395709,1102,27101921,4681900,38280.92,66738.2,0,2022-01-28,2022-01-29
26710344680070,72285672699153,1202,27101932,1921700,299449.45,4215.89,1,2022-01-29,2022-01-30
72454799043664,32814832825275,1102,27101259,4681900,370739.01,20835.52,1,2022-01-30,2022-01-31
26710344680070,20542722395709,1102,27101999,4681900,21059.51,20864.63,0,2022-01-31,2022-02-01
61387552181268,36564007480347,1102,27101259,4681900,331065.23,22428.09,0,2022-02-01,2022-02-02
20542722395709,99934947241273,1202,27101932,1921700,268484.48,11500.08,0,2022-02-02,2022-02-03
67628014464771,26710344680070,1102,27101921,4731300,56116.18,54821.3,1,2022-02-03,2022-02-04
10693186891977,72454799043664,1202,27101999,4731300,90399.32,8574.85,1,2022-02-04,2022-02-05
60050147002933,55335799113741,1501,27101230,1921700,286147.28,44443.47,0,2022-02-05,2022-02-06
46221114558457,17237262179636,1403,27101241,4731300,151697.02,8669.22,0,2022-02-06,2022-02-07
72454799043664,39521241904683,1403,27101999,4681900,469466.29,4937.49,0,2022-02-07,2022-02-08
99934947241273,57313428307289,1102,27101999,4731300,410276.41,63660.07,0,2022-02-08,2022-02-09
70299905983268,72285672699153,1202,27101921,4681900,491865.77,13309.01,0,2022-02-09,2022-02-10
49808276976407,62425115410466,1403,27101921,4731300,133537.07,57487.51,0,2022-02-10,2022-02-11
14367814975165,46813350101484,1202,27101932,1921700,485013.2,38124.16,0,2022-02-11,2022-02-12
14367814975165,26710344680070,1202,27101251,4731300,218460.77,5449.96,0,2022-02-12,2022-02-13
32583792063986,58804326992743,1102,27101999,4731300,177021.8,66881.37,1,2022-02-13,2022-02-14
46813350101484,17237262179636,1403,27101290,4731300,29923.02,17287.28,0,2022-02-14,2022-02-15
99934947241273,26938300300675,1102,27101999,1921700,31118.8,60175.17,0,2022-02-15,2022-02-16
82370628326614,55646664180312,1102,27101932,4731300,347545.57,11816.7,0,2022-02-16,2022-02-17
13694459720974,26938300300675,1403,22071010,1921700,231674.85,59776.0,1,2022-02-17,2022-02-18
14367814975165,99934947241273,1403,27101259,4681900,117128.2,926.02,0,2022-02-18,2022-02-19
80643689242456,58940550786532,1501,27101241,4731300,308915.3,35824.63,0,2022-02-19,2022-02-20
32814832825275,93569004708861,1501,27101251,1921700,130164.77,53860.98,0,2022-02-20,2022-02-21
32583792063986,44387326667272,1202,27101230,1921700,290927.72,65435.69,0,2022-02-21,2022-02-22
38933954896263,70072806379938,1403,27101230,4731300,182808.33,63644.15,0,2022-02-22,2022-02-23
44312628217308,93569004708861,1501,27101230,4681900,412658.35,57373.74,0,2022-02-23,2022-02-24
10812137970621,36564007480347,1202,27101921,1921700,411244.6,62173.39,1,2022-02-24,2022-02-25
99934947241273,10693186891977,1202,27101230,4731300,241288.45,13945.38,0,2022-02-25,2022-02-26
39521241904683,32814832825275,1202,27101241,4681900,178655.46,19892.9,0,2022-02-26,2022-02-27
35309925740009,26710344680070,1501,27101259,1921700,184467.1,20227.8,0,2022-02-27,2022-02-28
61387552181268,78821056528514,1403,27101230,1921700,403828.69,26393.78,0,2022-02-28,2022-03-01
70299905983268,72285672699153,1102,27101999,4681900,167448.84,27532.45,0,2022-03-01,2022-03-02
49808276976407,62425115410466,1202,27101999,4681900,108484.39,38118.87,0,2022-03-02,2022-03-03
62425115410466,93569004708861,1501,27101921,4731300,46920.73,11191.58,0,2022-03-03,2022-03-04
72285672699153,57313428307289,1501,27101241,4731300,236013.09,48387.27,0,2022-03-04,2022-03-05
93569004708861,21219446258561,1102,27101259,1921700,243655.39,11729.66,0,2022-03-05,2022-03-06
17237262179636,78821056528514,1102,27101251,4681900,421249.81,21721.59,0,2022-03-06,2022-03-07
44312628217308,92113840712637,1501,27101932,4681900,114513.15,35234.16,0,2022-03-07,2022-03-08
93569004708861,58940550786532,1403,27101259,4681900,193590.68,55750.84,1,2022-03-08,2022-03-09
32814832825275,78821056528514,1102,27101932,1921700,405160.84,51762.85,0,2022-03-09,2022-03-10
93569004708861,13305930811735,1501,22071010,4681900,412693.69,45187.4,0,2022-03-10,2022-03-11
46634094027630,75563085556768,1102,27101932,4681900,195382.48,10904.13,0,2022-03-11,2022-03-12
44387326667272,17237262179636,1403,27101290,1921700,232266.39,38293.17,0,2022-03-12,2022-03-13
78821056528514,70299905983268,1202,27101999,4731300,155126.52,6121.26,0,2022-03-13,2022-03-14
29011497711050,62425115410466,1102,27101241,4731300,466614.66,26415.42,0,2022-03-14,2022-03-15
70299905983268,44312628217308,1403,27101921,1921700,63728.66,28946.16,0,2022-03-15,2022-03-16
70072806379938,55646664180312,1501,27101290,4681900,467205.96,2786.8,0,2022-03-16,2022-03-17
37576342103200,39521241904683,1102,27101932,1921700,343513.89,19179.17,0,2022-03-17,2022-03-18
44312628217308,65795242760593,1102,27101230,4731300,268128.22,66895.46,0,2022-03-18,2022-03-19
62338322241752,89225676558124,1501,27101241,4731300,21166.24,66754.28,0,2022-03-19,2022-03-20
26938300300675,49808276976407,1202,27101290,1921700,240420.11,24662.89,0,2022-03-20,2022-03-21
57313428307289,55646664180312,1501,27101921,1921700,206835.31,3017.01,0,2022-03-21,2022-03-22
62338322241752,18707159231111,1102,27101999,4731300,84803.31,12536.65,0,2022-03-22,2022-03-23
32814832825275,89225676558124,1501,27101241,1921700,329922.75,27455.25,0,2022-03-23,2022-03-24
46813350101484,72285672699153,1403,27101921,4731300,485719.7,66344.58,0,2022-03-24,2022-03-25
13305930811735,92113840712637,1501,22071010,1921700,283283.46,9883.93,0,2022-03-25,2022-03-26
72454799043664,39521241904683,1102,22071010,1921700,358802.87,53446.11,0,2022-03-26,2022-03-27
49808276976407,72454799043664,1501,27101921,1921700,38882.97,7607.78,0,2022-03-27,2022-03-28
20542722395709,49808276976407,1202,27101290,4731300,211745.16,68688.03,0,2022-03-28,2022-03-29
49808276976407,38933954896263,1501,27101241,1921700,62597.45,26713.15,1,2022-03-29,2022-03-30
75563085556768,70072806379938,1202,27101290,4731300,308333.94,54266.42,0,2022-03-30,2022-03-31
62338322241752,46634094027630,1403,27101251,4731300,469548.67,23981.38,0,2022-03-31,2022-04-01
55646664180312,82370628326614,1202,27101932,1921700,332579.98,43936.82,0,2022-04-01,2022-04-02
20542722395709,46813350101484,1501,27101251,1921700,43017.51,13441.13,0,2022-04-02,2022-04-03
89225676558124,32583792063986,1102,22071010,4731300,180559.77,10221.47,0,2022-04-03,2022-04-04
10693186891977,80643689242456,1202,27101999,4731300,277578.37,65664.49,0,2022-04-04,2022-04-05
72454799043664,93569004708861,1403,27101259,4681900,204587.84,64235.31,0,2022-04-05,2022-04-06
62425115410466,62425115410466,1202,27101932,4731300,417653.79,62122.83,0,2022-04-06,2022-04-07
10693186891977,38933954896263,1202,22071010,4681900,408262.15,43780.34,0,2022-04-07,2022-04-08
46813350101484,89225676558124,1202,27101290,4681900,307856.35,56578.77,0,2022-04-08,2022-04-09
99934947241273,58940550786532,1403,27101290,4681900,189861.68,4832.59,0,2022-04-09,2022-04-10
20542722395709,20542722395709,1501,27101290,1921700,131391.51,23435.23,0,2022-04-10,2022-04-11
10812137970621,29011497711050,1202,27101999,1921700,57407.79,21959.22,0,2022-04-11,2022-04-12
62425115410466,44312628217308,1202,27101251,4731300,180674.35,44495.17,0,2022-04-12,2022-04-13
26938300300675,21219446258561,1102,27101259,4681900,209520.4,24917.04,0,2022-04-13,2022-04-14
49808276976407,26938300300675,1403,27101290,1921700,339532.35,10395.47,0,2022-04-14,2022-04-15
44387326667272,10812137970621,1202,27101932,1921700,330789.11,41752.7,0,2022-04-15,2022-04-16
65795242760593,55646664180312,1403,27101241,1921700,39703.53,57006.87,0,2022-04-16,2022-04-17
72285672699153,14367814975165,1202,27101259,1921700,200653.36,26748.64,0,2022-04-17,2022-04-18
20542722395709,26710344680070,1501,27101999,1921700,94980.54,9258.81,0,2022-04-18,2022-04-19
46221114558457,70072806379938,1501,27101259,4681900,82622.29,13768.17,0,2022-04-19,2022-04-20
75563085556768,18707159231111,1202,27101241,4681900,414514.56,16623.83,0,2022-04-20,2022-04-21
26938300300675,38933954896263,1501,27101932,4681900,25748.03,20992.83,0,2022-04-21,2022-04-22
21219446258561,61387552181268,1202,27101241,4681900,212495.52,44995.65,0,2022-04-22,2022-04-23
10812137970621,49808276976407,1501,27101921,4731300,88260.81,42066.18,0,2022-04-23,2022-04-24
55335799113741,18707159231111,1102,27101932,4681900,440268.46,48725.59,0,2022-04-24,2022-04-25
20542722395709,46634094027630,1102,27101259,1921700,280735.05,25375.14,0,2022-04-25,2022-04-26
62338322241752,65795242760593,1102,27101290,4681900,119533.42,57679.84,0,2022-04-26,2022-04-27
99934947241273,10812137970621,1403,27101259,4731300,253701.51,14286.14,0,2022-04-27,2022-04-28
44387326667272,10812137970621,1403,27101259,1921700,367085.75,32832.85,0,2022-04-28,2022-04-29
55335799113741,55646664180312,1102,27101932,4681900,479268.41,56065.71,0,2022-04-29,2022-04-30
99934947241273,10693186891977,1403,27101921,4681900,114120.77,12611.11,1,2022-04-30,2022-05-01
13305930811735,10693186891977,1501,27101259,4681900,443659.98,7690.42,0,2022-05-01,2022-05-02
78821056528514,49808276976407,1202,22071010,1921700,467480.54,61857.88,0,2022-05-02,2022-05-03
67628014464771,89225676558124,1202,27101230,1921700,458628.17,24005.08,0,2022-05-03,2022-05-04
92113840712637,35309925740009,1202,27101230,4731300,319530.11,47870.91,1,2022-05-04,2022-05-05
39521241904683,44312628217308,1102,27101259,1921700,316761.22,1774.4,0,2022-05-05,2022-05-06
55335799113741,20542722395709,1403,27101290,1921700,204589.26,48303.28,0,2022-05-06,2022-05-07
36564007480347,44312628217308,1501,27101999,4681900,377436.95,22127.09,0,2022-05-07,2022-05-08
26710344680070,38933954896263,1501,27101999,1921700,267990.54,3901.86,0,2022-05-08,2022-05-09
71947746577780,26710344680070,1102,27101932,4681900,340331.85,42686.89,0,2022-05-09,2022-05-10
49808276976407,38933954896263,1501,27101230,4681900,217086.66,16856.27,0,2022-05-10,2022-05-11
99934947241273,36564007480347,1501,27101259,1921700,367090.75,27076.51,0,2022-05-11,2022-05-12
26938300300675,32814832825275,1501,27101999,4731300,413113.4,5640.66,0,2022-05-12,2022-05-13
57313428307289,65795242760593,1501,27101259,4731300,77485.95,10301.43,1,2022-05-13,2022-05-14
62338322241752,26938300300675,1403,27101932,1921700,417300.21,20858.41,0,2022-05-14,2022-05-15
62425115410466,89225676558124,1501,27101230,4731300,272446.78,6283.17,1,2022-05-15,2022-05-16
26710344680070,46221114558457,1202,27101241,4681900,423109.62,63757.84,0,2022-05-16,2022-05-17
89225676558124,71947746577780,1102,22071010,4681900,218494.34,423.29,0,2022-05-17,2022-05-18
70072806379938,13694459720974,1403,22071010,1921700,192625.04,33870.22,0,2022-05-18,2022-05-19
18707159231111,65795242760593,1501,27101999,4731300,457955.06,8627.32,0,2022-05-19,2022-05-20
89225676558124,20542722395709,1403,22071010,4731300,129328.79,21537.54,0,2022-05-20,2022-05-21
92113840712637,82370628326614,1501,27101241,4681900,422885.1,64824.17,0,2022-05-21,2022-05-22
39521241904683,70072806379938,1202,27101259,1921700,244590.18,11318.62,0,2022-05-22,2022-05-23
71947746577780,92113840712637,1102,27101932,4731300,259477.24,67608.26,0,2022-05-23,2022-05-24
49808276976407,65795242760593,1501,27101241,1921700,157691.8,14405.61,0,2022-05-24,2022-05-25
62425115410466,70299905983268,1501,27101932,4731300,288655.89,51909.63,0,2022-05-25,2022-05-26
44312628217308,29011497711050,1501,27101932,4681900,165979.54,38267.41,0,2022-05-26,2022-05-27
32583792063986,55646664180312,1501,27101230,4681900,24438.36,61913.51,0,2022-05-27,2022-05-28
37576342103200,46813350101484,1102,27101259,1921700,139639.31,38779.53,1,2022-05-28,2022-05-29
55646664180312,26938300300675,1102,22071010,4681900,8157.63,37419.15,0,2022-05-29,2022-05-30
36564007480347,75563085556768,1202,27101230,4731300,489285.62,13682.06,0,2022-05-30,2022-05-31
99934947241273,13694459720974,1102,27101932,4681900,483044.87,11636.06,0,2022-05-31,2022-06-01
13305930811735,35309925740009,1501,27101999,1921700,200601.87,64154.24,0,2022-06-01,2022-06-02
32814832825275,58940550786532,1202,22071010,1921700,365543.57,22948.67,1,2022-06-02,2022-06-03
38933954896263,13305930811735,1202,22071010,1921700,176174.02,26045.76,0,2022-06-03,2022-06-04
72285672699153,58940550786532,1202,27101259,4731300,337191.11,53187.66,0,2022-06-04,2022-06-05
40959396754588,20542722395709,1501,27101921,4731300,403687.87,23717.64,0,2022-06-05,2022-06-06
78821056528514,72454799043664,1403,27101251,4731300,473644.34,66644.37,0,2022-06-06,2022-06-07
35309925740009,29011497711050,1501,27101251,4731300,203105.08,51654.94,1,2022-06-07,2022-06-08
10812137970621,99934947241273,1102,27101251,4731300,392732.5,41820.05,0,2022-06-08,2022-06-09
80643689242456,46813350101484,1102,27101921,4681900,136634.58,61662.66,0,2022-06-09,2022-06-10
18707159231111,46813350101484,1501,27101259,4731300,495214.49,3472.41,0,2022-06-10,2022-06-11
13305930811735,32583792063986,1501,27101921,4731300,17755.95,17994.39,0,2022-06-11,2022-06-12
70299905983268,58804326992743,1202,27101251,4681900,303746.76,32552.54,0,2022-06-12,2022-06-13
60050147002933,89225676558124,1501,27101230,4731300,331455.46,15888.5,0,2022-06-13,2022-06-14
61387552181268,35309925740009,1202,27101241,1921700,345582.55,52073.36,0,2022-06-14,2022-06-15
71947746577780,72454799043664,1102,27101932,4731300,64591.85,64344.56,0,2022-06-15,2022-06-16
44312628217308,37576342103200,1202,27101921,4731300,469572.24,29663.91,0,2022-06-16,2022-06-17
46813350101484,10812137970621,1501,27101259,1921700,94685.72,23949.28,0,2022-06-17,2022-06-18
40959396754588,46634094027630,1102,27101259,1921700,313262.93,67308.55,0,2022-06-18,2022-06-19
55335799113741,26938300300675,1403,27101241,1921700,115224.66,31139.67,1,2022-06-19,2022-06-20
17237262179636,78821056528514,1202,27101999,1921700,157072.13,34233.39,0,2022-06-20,2022-06-21
75563085556768,29011497711050,1102,22071010,4731300,275496.98,24615.49,0,2022-06-21,2022-06-22
70072806379938,17237262179636,1202,27101251,1921700,211510.74,63668.39,0,2022-06-22,2022-06-23
13694459720974,46221114558457,1102,27101999,1921700,84311.67,39826.88,0,2022-06-23,2022-06-24
21219446258561,44312628217308,1102,27101251,4681900,89613.52,53352.22,0,2022-06-24,2022-06-25
72285672699153,70072806379938,1202,27101241,1921700,211981.67,56826.47,0,2022-06-25,2022-06-26
78821056528514,35309925740009,1403,27101251,1921700,379855.07,23929.43,0,2022-06-26,2022-06-27
26938300300675,32814832825275,1102,27101241,4681900,449492.5,30358.6,0,2022-06-27,2022-06-28
70072806379938,32583792063986,1102,27101290,4681900,46643.19,59393.02,0,2022-06-28,2022-06-29
29011497711050,46634094027630,1102,27101999,4731300,199586.43,25427.87,0,2022-06-29,2022-06-30
62338322241752,93569004708861,1403,27101999,4681900,54621.55,55575.46,1,2022-06-30,2022-07-01
58804326992743,44387326667272,1403,22071010,4731300,13213.28,65869.46,0,2022-07-01,2022-07-02
39521241904683,20542722395709,1501,27101241,4681900,332550.75,43624.73,0,2022-07-02,2022-07-03
55335799113741,82370628326614,1202,27101921,4681900,303212.47,51913.91,0,2022-07-03,2022-07-04
38933954896263,58804326992743,1403,27101290,4731300,85694.46,56356.81,0,2022-07-04,2022-07-05
89225676558124,71947746577780,1202,27101230,4681900,120737.35,59152.78,0,2022-07-05,2022-07-06
60050147002933,71947746577780,1501,27101251,4731300,16735.34,27653.73,0,2022-07-06,2022-07-07
32814832825275,36564007480347,1202,27101290,4681900,418298.87,3588.44,0,2022-07-07,2022-07-08
93569004708861,62425115410466,1403,27101241,1921700,487471.85,28131.34,0,2022-07-08,2022-07-09
55335799113741,20542722395709,1202,27101932,4681900,72052.47,47162.94,0,2022-07-09,2022-07-10
89225676558124,13305930811735,1403,27101251,4731300,119580.23,31524.53,0,2022-07-10,2022-07-11
82370628326614,49808276976407,1202,27101259,4681900,434862.71,52427.42,0,2022-07-11,2022-07-12
70072806379938,46221114558457,1403,27101999,4731300,463599.58,24988.77,0,2022-07-12,2022-07-13
10812137970621,20542722395709,1403,27101241,4731300,212715.55,44432.09,0,2022-07-13,2022-07-14
70299905983268,18707159231111,1202,27101259,1921700,30058.12,13049.39,0,2022-07-14,2022-07-15
67628014464771,49808276976407,1501,22071010,1921700,24498.96,52455.86,0,2022-07-15,2022-07-16
46221114558457,70299905983268,1102,27101230,4731300,289105.18,38198.72,0,2022-07-16,2022-07-17
67628014464771,55646664180312,1501,27101230,4681900,199483.08,14284.51,1,2022-07-17,2022-07-18
17237262179636,72285672699153,1202,27101259,4731300,19182.95,20433.78,0,2022-07-18,2022-07-19
44387326667272,72454799043664,1501,27101999,4731300,293709.93,52402.61,0,2022-07-19,2022-07-20
89225676558124,82370628326614,1403,22071010,4681900,10594.76,33782.09,0,2022-07-20,2022-07-21
13694459720974,10693186891977,1102,27101932,4681900,394749.12,15122.2,0,2022-07-21,2022-07-22
82370628326614,49808276976407,1202,27101999,4681900,156684.25,67708.98,1,2022-07-22,2022-07-23
10812137970621,40959396754588,1202,27101290,4681900,24927.71,50058.75,0,2022-07-23,2022-07-24
67628014464771,10812137970621,1202,27101230,4731300,296234.35,66999.44,1,2022-07-24,2022-07-25
20542722395709,36564007480347,1102,27101290,4731300,201853.79,29897.35,0,2022-07-25,2022-07-26
26938300300675,26938300300675,1403,27101251,1921700,487031.2,33257.02,0,2022-07-26,2022-07-27
14367814975165,13305930811735,1202,27101921,4731300,274378.34,62856.87,0,2022-07-27,2022-07-28
40959396754588,29011497711050,1501,27101241,4681900,141243.39,36753.45,0,2022-07-28,2022-07-29
58804326992743,92113840712637,1202,22071010,1921700,356172.24,49509.52,0,2022-07-29,2022-07-30
38933954896263,46813350101484,1202,27101999,4681900,139388.54,17652.1,0,2022-07-30,2022-07-31
70072806379938,46634094027630,1202,27101230,4731300,452600.43,31270.85,1,2022-07-31,2022-08-01
10693186891977,37576342103200,1202,27101290,1921700,190487.38,8641.49,0,2022-08-01,2022-08-02
70072806379938,44387326667272,1403,27101251,4681900,277184.94,14418.6,0,2022-08-02,2022-08-03
36564007480347,82370628326614,1501,27101241,1921700,30033.69,66.04,0,2022-08-03,2022-08-04
57313428307289,67628014464771,1403,27101241,1921700,215930.01,2748.55,0,2022-08-04,2022-08-05
26710344680070,44312628217308,1501,27101999,4731300,417019.95,68409.87,0,2022-08-05,2022-08-06
57313428307289,13305930811735,1202,22071010,4681900,403796.16,16964.76,0,2022-08-06,2022-08-07
37576342103200,82370628326614,1102,27101932,1921700,116037.69,46431.75,1,2022-08-07,2022-08-08
46813350101484,26938300300675,1403,27101999,1921700,116909.14,58736.98,0,2022-08-08,2022-08-09
62338322241752,46634094027630,1102,27101290,4681900,409566.13,38546.23,0,2022-08-09,2022-08-10
49808276976407,99934947241273,1403,27101921,1921700,465547.22,10720.12,0,2022-08-10,2022-08-11
55335799113741,18707159231111,1202,27101259,1921700,52203.66,50968.15,0,2022-08-11,2022-08-12
46221114558457,13305930811735,1403,27101932,1921700,227779.03,42017.6,1,2022-08-12,2022-08-13
55646664180312,58940550786532,1202,22071010,4681900,172039.87,51187.54,0,2022-08-13,2022-08-14
36564007480347,80643689242456,1403,27101251,4681900,435990.79,53882.26,0,2022-08-14,2022-08-15
44387326667272,26938300300675,1202,27101932,4681900,46344.83,68278.73,0,2022-08-15,2022-08-16
20542722395709,71947746577780,1202,27101230,4681900,109507.34,40149.43,0,2022-08-16,2022-08-17
92113840712637,37576342103200,1501,22071010,4731300,377471.83,23914.88,0,2022-08-17,2022-08-18
58940550786532,46634094027630,1202,27101921,1921700,30390.46,45392.52,0,2022-08-18,2022-08-19
39521241904683,72454799043664,1501,27101230,4681900,248805.01,4790.85,0,2022-08-19,2022-08-20
13694459720974,58940550786532,1202,27101932,1921700,223842.98,62817.81,0,2022-08-20,2022-08-21
82370628326614,40959396754588,1102,27101259,1921700,170528.58,8356.67,0,2022-08-21,2022-08-22
26710344680070,17237262179636,1202,27101259,4731300,200313.3,22949.0,0,2022-08-22,2022-08-23
62425115410466,71947746577780,1102,27101921,4681900,267320.59,57102.18,0,2022-08-23,2022-08-24
37576342103200,75563085556768,1102,27101241,4681900,84876.84,41811.87,0,2022-08-24,2022-08-25
99934947241273,93569004708861,1202,27101251,1921700,288137.96,27554.49,0,2022-08-25,2022-08-26
32814832825275,55646664180312,1102,27101241,4681900,403689.0,33140.5,0,2022-08-26,2022-08-27
10693186891977,58804326992743,1501,27101259,1921700,381279.66,59818.32,0,2022-08-27,2022-08-28
26710344680070,46813350101484,1403,27101259,1921700,81180.45,23800.31,0,2022-08-28,2022-08-29
17237262179636,75563085556768,1202,27101290,4731300,78878.49,60875.48,0,2022-08-29,2022-08-30
40959396754588,10812137970621,1102,27101230,4731300,137746.31,6169.41,1,2022-08-30,2022-08-31
99934947241273,67628014464771,1202,27101932,4731300,183731.99,54375.89,0,2022-08-31,2022-09-01
72454799043664,71947746577780,1501,27101251,1921700,207185.51,59328.33,0,2022-09-01,2022-09-02
67628014464771,10812137970621,1202,27101921,4681900,341450.12,12727.24,0,2022-09-02,2022-09-03
17237262179636,72285672699153,1202,27101932,4731300,33056.81,30124.26,0,2022-09-03,2022-09-04
67628014464771,70299905983268,1102,27101290,4681900,22162.99,11584.98,0,2022-09-04,2022-09-05
62338322241752,80643689242456,1501,27101259,4731300,198995.73,49462.29,0,2022-09-05,2022-09-06
93569004708861,70072806379938,1403,27101921,4731300,350096.03,37474.34,1,2022-09-06,2022-09-07
17237262179636,10693186891977,1403,27101259,1921700,100750.49,44472.63,0,2022-09-07,2022-09-08
70299905983268,44312628217308,1102,27101251,4731300,322544.72,13754.09,0,2022-09-08,2022-09-09
67628014464771,82370628326614,1202,27101230,4731300,133614.93,14822.21,0,2022-09-09,2022-09-10
67628014464771,80643689242456,1102,27101932,1921700,443612.62,2904.81,0,2022-09-10,2022-09-11
46813350101484,46634094027630,1102,27101932,4681900,448366.52,22544.73,0,2022-09-11,2022-09-12
44387326667272,80643689242456,1102,27101241,4731300,152157.17,39182.13,0,2022-09-12,2022-09-13
62338322241752,60050147002933,1202,27101921,1921700,118846.91,60055.44,0,2022-09-13,2022-09-14
60050147002933,10812137970621,1501,27101290,4731300,208595.47,46684.92,0,2022-09-14,2022-09-15
72285672699153,70072806379938,1102,27101241,1921700,124063.13,30477.74,0,2022-09-15,2022-09-16
13305930811735,14367814975165,1202,27101251,4681900,337830.0,66718.41,0,2022-09-16,2022-09-17
14367814975165,58804326992743,1501,27101290,4681900,413902.02,50347.16,0,2022-09-17,2022-09-18
46221114558457,72454799043664,1102,27101230,1921700,338180.6,65111.56,0,2022-09-18,2022-09-19
10812137970621,55335799113741,1403,27101230,1921700,413053.47,36931.16,0,2022-09-19,2022-09-20
67628014464771,26710344680070,1501,27101230,1921700,201511.12,18123.3,0,2022-09-20,2022-09-21
75563085556768,80643689242456,1102,27101230,4681900,82376.9,3697.87,0,2022-09-21,2022-09-22
44312628217308,67628014464771,1501,27101241,4731300,370285.72,50825.94,0,2022-09-22,2022-09-23
10812137970621,14367814975165,1501,22071010,4681900,183434.88,8491.21,0,2022-09-23,2022-09-24
35309925740009,75563085556768,1501,27101290,1921700,337279.06,21194.26,0,2022-09-24,2022-09-25
49808276976407,44387326667272,1501,27101921,1921700,138968.75,37272.96,0,2022-09-25,2022-09-26
58804326992743,10812137970621,1501,27101251,4681900,45208.67,39509.16,0,2022-09-26,2022-09-27
55646664180312,32583792063986,1501,27101999,1921700,496327.99,42040.82,0,2022-09-27,2022-09-28
71947746577780,70072806379938,1102,27101259,4681900,82319.75,11637.87,0,2022-09-28,2022-09-29
36564007480347,26938300300675,1403,27101921,1921700,494268.39,26581.62,0,2022-09-29,2022-09-30
26938300300675,18707159231111,1202,27101259,4731300,488753.57,43203.6,0,2022-09-30,2022-10-01
61387552181268,62338322241752,1501,27101290,4731300,397939.96,67887.32,0,2022-10-01,2022-10-02
32814832825275,60050147002933,1202,27101921,1921700,331414.37,50934.18,0,2022-10-02,2022-10-03
65795242760593,40959396754588,1102,27101230,4681900,291014.49,64582.26,0,2022-10-03,2022-10-04
70299905983268,78821056528514,1501,27101230,4731300,433720.26,53354.84,0,2022-10-04,2022-10-05
70072806379938,71947746577780,1403,27101999,4681900,148272.56,41420.19,0,2022-10-05,2022-10-06
71947746577780,32583792063986,1202,27101259,1921700,236502.2,13441.64,0,2022-10-06,2022-10-07
14367814975165,70072806379938,1501,27101251,4681900,311598.03,46668.0,0,2022-10-07,2022-10-08
13694459720974,39521241904683,1102,27101290,4731300,208539.29,43636.57,0,2022-10-08,2022-10-09
55646664180312,62425115410466,1403,27101230,4681900,216605.79,42172.84,0,2022-10-09,2022-10-10
10693186891977,18707159231111,1202,22071010,4681900,168490.91,34285.01,0,2022-10-10,2022-10-11
36564007480347,32814832825275,1202,27101241,1921700,284294.75,37005.96,0,2022-10-11,2022-10-12
20542722395709,10693186891977,1501,27101241,1921700,426034.39,23410.98,0,2022-10-12,2022-10-13
37576342103200,32583792063986,1403,27101251,1921700,104756.55,36351.89,1,2022-10-13,2022-10-14
57313428307289,65795242760593,1403,27101241,4731300,467544.35,13828.91,0,2022-10-14,2022-10-15
93569004708861,89225676558124,1403,27101259,4731300,346098.39,56362.21,1,2022-10-15,2022-10-16
26938300300675,39521241904683,1403,27101230,1921700,412520.24,13004.39,0,2022-10-16,2022-10-17
21219446258561,55646664180312,1102,27101230,1921700,280314.39,5947.64,0,2022-10-17,2022-10-18
60050147002933,62338322241752,1403,22071010,4731300,390860.77,30537.22,0,2022-10-18,2022-10-19
20542722395709,61387552181268,1202,27101921,4731300,13019.2,46081.52,0,2022-10-19,2022-10-20
10812137970621,92113840712637,1202,27101241,4731300,410098.31,30640.18,0,2022-10-20,2022-10-21
14367814975165,10812137970621,1102,27101259,4731300,24868.74,19372.79,0,2022-10-21,2022-10-22
46634094027630,44312628217308,1202,27101932,1921700,445507.12,39071.98,0,2022-10-22,2022-10-23
44387326667272,99934947241273,1202,27101241,4731300,496021.56,24290.16,0,2022-10-23,2022-10-24
49808276976407,89225676558124,1403,27101251,1921700,150563.39,65300.74,0,2022-10-24,2022-10-25
13694459720974,61387552181268,1202,27101921,4681900,109107.69,64585.16,0,2022-10-25,2022-10-26
57313428307289,10693186891977,1102,27101241,4681900,383854.87,35166.03,0,2022-10-26,2022-10-27
75563085556768,10812137970621,1403,27101259,4731300,130248.04,22951.88,0,2022-10-27,2022-10-28
58804326992743,35309925740009,1501,27101241,4681900,433453.38,51599.27,0,2022-10-28,2022-10-29
67628014464771,60050147002933,1403,27101251,4681900,55907.08,2569.91,0,2022-10-29,2022-10-30
72285672699153,20542722395709,1102,27101932,4681900,67347.82,33233.83,0,2022-10-30,2022-10-31
71947746577780,44387326667272,1403,27101290,4731300,489680.02,23542.64,0,2022-10-31,2022-11-01
39521241904683,72285672699153,1403,27101999,4731300,338550.25,64437.51,0,2022-11-01,2022-11-02
71947746577780,80643689242456,1102,27101932,4681900,424209.18,840.21,0,2022-11-02,2022-11-03
40959396754588,39521241904683,1403,27101241,1921700,165543.04,38697.04,1,2022-11-03,2022-11-04
82370628326614,46634094027630,1102,27101230,4681900,339859.46,51846.45,0,2022-11-04,2022-11-05
62425115410466,72454799043664,1102,22071010,4731300,299149.7,33951.26,0,2022-11-05,2022-11-06
46813350101484,70072806379938,1501,27101230,4731300,303559.31,5978.21,0,2022-11-06,2022-11-07
46813350101484,49808276976407,1202,27101932,4731300,342853.57,68072.3,0,2022-11-07,2022-11-08
32814832825275,75563085556768,1202,27101230,4681900,289802.79,36260.73,0,2022-11-08,2022-11-09
32814832825275,58804326992743,1403,27101259,1921700,217385.87,42993.04,0,2022-11-09,2022-11-10
55335799113741,55335799113741,1403,27101230,4731300,141581.73,16562.68,0,2022-11-10,2022-11-11
72285672699153,65795242760593,1501,27101921,4731300,385447.76,33844.87,0,2022-11-11,2022-11-12
57313428307289,78821056528514,1501,27101290,4681900,117004.85,30040.46,0,2022-11-12,2022-11-13
92113840712637,32814832825275,1501,27101241,1921700,347715.38,5242.71,0,2022-11-13,2022-11-14
13305930811735,44387326667272,1102,27101230,4681900,120499.75,7431.22,1,2022-11-14,2022-11-15
35309925740009,10693186891977,1501,27101251,4731300,314538.43,58623.08,0,2022-11-15,2022-11-16
13694459720974,46634094027630,1501,27101290,1921700,374803.74,16787.4,0,2022-11-16,2022-11-17
70072806379938,67628014464771,1403,27101290,1921700,113263.38,13647.08,0,2022-11-17,2022-11-18
10812137970621,58940550786532,1501,27101230,4731300,34671.93,35343.8,0,2022-11-18,2022-11-19
29011497711050,65795242760593,1102,27101290,1921700,69832.0,53812.3,0,2022-11-19,2022-11-20
13694459720974,46813350101484,1102,22071010,1921700,304968.5,4336.26,0,2022-11-20,2022-11-21
20542722395709,44312628217308,1403,27101230,4681900,425475.97,40376.55,0,2022-11-21,2022-11-22
80643689242456,21219446258561,1501,27101259,4731300,27273.43,8344.73,0,2022-11-22,2022-11-23
10693186891977,29011497711050,1501,27101932,4731300,368404.87,2552.27,0,2022-11-23,2022-11-24
46634094027630,46221114558457,1102,27101921,4731300,173952.73,3692.08,0,2022-11-24,2022-11-25
67628014464771,10693186891977,1501,27101999,4731300,241871.54,58391.49,0,2022-11-25,2022-11-26
39521241904683,62338322241752,1501,27101290,4731300,464785.48,8258.07,0,2022-11-26,2022-11-27
17237262179636,70299905983268,1501,27101259,1921700,169325.89,3160.6,0,2022-11-27,2022-11-28
89225676558124,29011497711050,1202,27101241,4681900,235341.78,30652.99,0,2022-11-28,2022-11-29
93569004708861,60050147002933,1403,27101241,4731300,11772.8,59079.54,0,2022-11-29,2022-11-30
46634094027630,72285672699153,1202,27101921,4681900,45391.37,18368.59,0,2022-11-30,2022-12-01
82370628326614,99934947241273,1403,27101290,4681900,133002.84,29519.88,0,2022-12-01,2022-12-02
70299905983268,21219446258561,1102,22071010,1921700,18786.86,2794.58,0,2022-12-02,2022-12-03
99934947241273,72285672699153,1501,27101921,4731300,317530.79,31435.5,0,2022-12-03,2022-12-04
13694459720974,32814832825275,1403,27101290,1921700,216067.19,40432.92,0,2022-12-04,2022-12-05
38933954896263,13694459720974,1202,27101259,4731300,276331.88,39963.49,0,2022-12-05,2022-12-06
71947746577780,21219446258561,1501,27101932,1921700,91450.36,23269.87,1,2022-12-06,2022-12-07
65795242760593,93569004708861,1102,22071010,4681900,151486.35,22087.32,0,2022-12-07,2022-12-08
65795242760593,55646664180312,1403,27101999,4731300,333593.12,7463.65,0,2022-12-08,2022-12-09
72285672699153,70299905983268,1403,27101241,4681900,482824.85,25675.88,0,2022-12-09,2022-12-10
75563085556768,92113840712637,1403,27101251,4681900,29956.3,6964.63,0,2022-12-10,2022-12-11
36564007480347,36564007480347,1501,27101259,1921700,445740.24,53661.72,0,2022-12-11,2022-12-12
62425115410466,44312628217308,1202,27101241,4731300,290556.19,67639.2,1,2022-12-12,2022-12-13
58940550786532,99934947241273,1202,27101230,4681900,284140.19,67905.21,1,2022-12-13,2022-12-14
46813350101484,62338322241752,1403,27101251,1921700,252637.87,60554.98,0,2022-12-14,2022-12-15
57313428307289,49808276976407,1102,27101241,4731300,39350.07,42055.45,1,2022-12-15,2022-12-16
92113840712637,99934947241273,1102,27101921,4731300,49489.04,49060.6,0,2022-12-16,2022-12-17
61387552181268,78821056528514,1202,22071010,4681900,302451.44,19964.41,0,2022-12-17,2022-12-18
37576342103200,44312628217308,1102,27101241,4731300,173774.49,44153.93,0,2022-12-18,2022-12-19
89225676558124,37576342103200,1202,27101999,4681900,459047.69,31895.47,0,2022-12-19,2022-12-20
40959396754588,14367814975165,1403,27101932,4731300,206262.32,33741.21,1,2022-12-20,2022-12-21
46634094027630,58804326992743,1202,27101921,1921700,75924.32,53044.36,0,2022-12-21,2022-12-22
40959396754588,36564007480347,1202,27101259,4681900,358785.82,19734.28,0,2022-12-22,2022-12-23
70299905983268,58940550786532,1403,27101259,4681900,150209.94,22262.77,0,2022-12-23,2022-12-24
46634094027630,10693186891977,1102,27101259,4731300,265107.8,64724.93,0,2022-12-24,2022-12-25
55646664180312,37576342103200,1202,27101259,4731300,350427.23,3935.7,0,2022-12-25,2022-12-26
65795242760593,62425115410466,1202,27101932,4681900,450630.74,33994.4,1,2022-12-26,2022-12-27
58940550786532,93569004708861,1403,27101241,4731300,397134.64,63896.06,0,2022-12-27,2022-12-28
60050147002933,46634094027630,1102,27101290,1921700,339798.73,42725.41,0,2022-12-28,2022-12-29
46634094027630,35309925740009,1202,27101241,4731300,341418.43,38248.5,0,2022-12-29,2022-12-30
40959396754588,46634094027630,1403,27101230,1921700,473232.7,17482.09,0,2022-12-30,2022-12-31
14367814975165,44312628217308,1202,22071010,1921700,151432.93,24029.28,0,2022-12-31,2023-01-01
72454799043664,29011497711050,1501,27101251,1921700,5550.49,59643.39,0,2023-01-01,2023-01-02
58940550786532,72285672699153,1403,27101290,1921700,139617.51,39145.27,0,2023-01-02,2023-01-03
65795242760593,49808276976407,1102,27101290,1921700,112856.23,36031.95,0,2023-01-03,2023-01-04
18707159231111,10812137970621,1102,27101241,4731300,332608.12,6970.58,0,2023-01-04,2023-01-05
72285672699153,44387326667272,1102,27101290,1921700,318687.24,1121.97,0,2023-01-05,2023-01-06
71947746577780,89225676558124,1102,27101230,4731300,298763.38,67457.96,0,2023-01-06,2023-01-07
44312628217308,58940550786532,1202,27101251,1921700,13040.5,26389.03,0,2023-01-07,2023-01-08
29011497711050,44312628217308,1202,27101999,4681900,365745.14,42224.91,0,2023-01-08,2023-01-09
32814832825275,44312628217308,1102,27101932,1921700,165147.55,5580.06,1,2023-01-09,2023-01-10
72285672699153,37576342103200,1102,27101241,4681900,334202.71,47818.0,0,2023-01-10,2023-01-11
32814832825275,10693186891977,1102,27101932,1921700,280506.32,65279.67,0,2023-01-11,2023-01-12
72285672699153,61387552181268,1202,27101999,1921700,174651.81,40296.57,0,2023-01-12,2023-01-13
46221114558457,36564007480347,1102,27101241,1921700,71615.25,8828.07,0,2023-01-13,2023-01-14
72454799043664,92113840712637,1102,27101241,4681900,51737.35,40720.51,0,2023-01-14,2023-01-15
71947746577780,46221114558457,1501,27101251,4681900,416601.57,53644.3,0,2023-01-15,2023-01-16
46634094027630,21219446258561,1501,27101932,1921700,459606.78,28449.16,0,2023-01-16,2023-01-17
58804326992743,37576342103200,1102,27101259,4731300,326645.08,61588.64,0,2023-01-17,2023-01-18
61387552181268,60050147002933,1403,27101932,1921700,56199.89,45407.81,0,2023-01-18,2023-01-19
10812137970621,82370628326614,1102,22071010,4681900,204003.47,62947.42,0,2023-01-19,2023-01-20
32583792063986,72285672699153,1501,22071010,1921700,365824.9,43645.37,0,2023-01-20,2023-01-21
32583792063986,38933954896263,1403,27101241,4681900,391011.34,9190.16,1,2023-01-21,2023-01-22
75563085556768,67628014464771,1403,27101259,4681900,63518.22,21678.42,0,2023-01-22,2023-01-23
37576342103200,44312628217308,1102,27101921,4681900,5015.21,14125.65,0,2023-01-23,2023-01-24
36564007480347,57313428307289,1501,27101999,1921700,357507.84,63617.85,0,2023-01-24,2023-01-25
62425115410466,36564007480347,1501,27101230,4681900,181515.11,53228.0,0,2023-01-25,2023-01-26
26710344680070,26710344680070,1403,27101259,4681900,130968.26,47347.89,0,2023-01-26,2023-01-27
39521241904683,46813350101484,1102,27101230,1921700,11384.25,21067.64,0,2023-01-27,2023-01-28
37576342103200,46221114558457,1202,27101932,4681900,272448.21,12883.13,0,2023-01-28,2023-01-29
26710344680070,58804326992743,1202,27101932,1921700,426319.61,52951.58,0,2023-01-29,2023-01-30
17237262179636,55335799113741,1501,27101230,4681900,479027.66,33191.06,0,2023-01-30,2023-01-31
29011497711050,71947746577780,1202,27101999,4731300,285043.75,15805.27,0,2023-01-31,2023-02-01
80643689242456,82370628326614,1501,27101259,4731300,259658.36,43163.54,0,2023-02-01,2023-02-02
29011497711050,13694459720974,1501,27101921,4681900,47102.91,2823.37,0,2023-02-02,2023-02-03
26938300300675,40959396754588,1501,27101241,4731300,276692.04,22831.92,0,2023-02-03,2023-02-04
82370628326614,58940550786532,1202,27101251,1921700,193089.64,32798.99,0,2023-02-04,2023-02-05
10693186891977,46634094027630,1501,27101932,4731300,305531.96,10357.08,0,2023-02-05,2023-02-06
82370628326614,49808276976407,1403,22071010,4681900,197419.54,68925.81,0,2023-02-06,2023-02-07
60050147002933,20542722395709,1102,27101999,4681900,123948.07,14636.82,0,2023-02-07,2023-02-08
44312628217308,26938300300675,1102,27101251,1921700,52007.81,9124.72,1,2023-02-08,2023-02-09
10693186891977,72454799043664,1501,27101921,4681900,160884.63,14247.44,0,2023-02-09,2023-02-10
70299905983268,99934947241273,1102,27101290,1921700,52839.19,53834.28,0,2023-02-10,2023-02-11
55335799113741,55646664180312,1202,27101241,4731300,92563.99,29785.4,0,2023-02-11,2023-02-12
57313428307289,58940550786532,1202,27101932,4731300,493731.4,39579.12,0,2023-02-12,2023-02-13
71947746577780,38933954896263,1102,27101241,1921700,224831.26,1470.64,0,2023-02-13,2023-02-14
55646664180312,26710344680070,1202,27101251,1921700,268276.52,2410.19,0,2023-02-14,2023-02-15
67628014464771,60050147002933,1102,27101241,4681900,437441.17,31207.79,0,2023-02-15,2023-02-16
18707159231111,17237262179636,1102,27101290,4731300,497806.61,57165.87,0,2023-02-16,2023-02-17
21219446258561,35309925740009,1102,27101251,1921700,293443.65,61966.72,0,2023-02-17,2023-02-18
57313428307289,26938300300675,1501,27101932,4731300,407174.54,6069.46,0,2023-02-18,2023-02-19
58804326992743,72285672699153,1102,27101259,1921700,166835.81,37685.42,0,2023-02-19,2023-02-20
13694459720974,44312628217308,1501,22071010,4731300,156343.26,63926.08,0,2023-02-20,2023-02-21
71947746577780,17237262179636,1102,27101251,4681900,204338.34,27158.09,0,2023-02-21,2023-02-22
44387326667272,58940550786532,1102,27101290,4731300,337891.1,58069.61,0,2023-02-22,2023-02-23
99934947241273,60050147002933,1102,27101251,4731300,342684.89,9358.7,0,2023-02-23,2023-02-24
93569004708861,35309925740009,1202,27101251,4731300,161043.52,65477.61,1,2023-02-24,2023-02-25
35309925740009,70299905983268,1501,27101932,4731300,70938.91,52599.63,0,2023-02-25,2023-02-26
46634094027630,78821056528514,1501,27101251,4731300,318036.15,65893.41,0,2023-02-26,2023-02-27
20542722395709,82370628326614,1102,22071010,4681900,68521.3,47363.21,0,2023-02-27,2023-02-28
92113840712637,44312628217308,1102,27101241,1921700,291353.79,25438.28,0,2023-02-28,2023-03-01
93569004708861,38933954896263,1202,27101932,4731300,348243.95,65672.68,0,2023-03-01,2023-03-02
70072806379938,72454799043664,1202,22071010,4681900,351802.69,19289.67,0,2023-03-02,2023-03-03
60050147002933,82370628326614,1202,27101932,4731300,377968.69,23252.08,0,2023-03-03,2023-03-04
13305930811735,46221114558457,1501,22071010,4731300,437065.41,49056.59,0,2023-03-04,2023-03-05
93569004708861,35309925740009,1501,27101290,1921700,252479.7,53572.14,0,2023-03-05,2023-03-06
36564007480347,58940550786532,1501,22071010,4731300,366473.35,65058.24,1,2023-03-06,2023-03-07
21219446258561,26938300300675,1102,27101230,4681900,311490.5,14336.17,0,2023-03-07,2023-03-08
36564007480347,65795242760593,1501,22071010,4681900,97386.77,55859.86,0,2023-03-08,2023-03-09
65795242760593,92113840712637,1403,27101259,1921700,17716.37,51698.22,0,2023-03-09,2023-03-10
32583792063986,78821056528514,1403,27101259,4731300,145847.99,4465.62,0,2023-03-10,2023-03-11
75563085556768,72285672699153,1202,27101999,4681900,224301.68,27105.62,0,2023-03-11,2023-03-12
72285672699153,38933954896263,1501,27101230,4731300,310467.44,19793.58,0,2023-03-12,2023-03-13
93569004708861,46221114558457,1403,27101230,4731300,425729.87,21314.33,0,2023-03-13,2023-03-14
62338322241752,62338322241752,1202,27101241,4731300,102141.63,68806.28,0,2023-03-14,2023-03-15
13694459720974,13305930811735,1501,27101230,1921700,67147.15,44994.42,1,2023-03-15,2023-03-16
17237262179636,40959396754588,1102,27101241,4731300,481922.57,50237.33,0,2023-03-16,2023-03-17
20542722395709,75563085556768,1403,27101999,4681900,58482.06,68363.23,0,2023-03-17,2023-03-18
49808276976407,21219446258561,1102,27101999,4731300,241853.08,26404.12,1,2023-03-18,2023-03-19
58940550786532,61387552181268,1501,27101290,4681900,294854.05,56128.81,0,2023-03-19,2023-03-20
36564007480347,72454799043664,1403,27101259,4731300,272980.34,30417.17,0,2023-03-20,2023-03-21
21219446258561,17237262179636,1501,22071010,4681900,47585.92,60867.36,0,2023-03-21,2023-03-22
92113840712637,37576342103200,1102,22071010,4681900,33228.32,12646.03,0,2023-03-22,2023-03-23
93569004708861,10812137970621,1403,27101921,4731300,57214.3,66338.03,0,2023-03-23,2023-03-24
67628014464771,72285672699153,1102,27101932,4731300,294865.9,15314.02,0,2023-03-24,2023-03-25
62425115410466,17237262179636,1501,27101290,4681900,274450.72,22835.44,0,2023-03-25,2023-03-26
92113840712637,57313428307289,1501,27101921,1921700,120701.69,52933.46,0,2023-03-26,2023-03-27
72454799043664,55646664180312,1102,27101921,4731300,320698.2,27562.86,0,2023-03-27,2023-03-28
61387552181268,65795242760593,1403,27101251,1921700,410933.41,42574.8,0,2023-03-28,2023-03-29
70072806379938,55646664180312,1102,27101251,4731300,25581.59,31120.15,0,2023-03-29,2023-03-30
93569004708861,35309925740009,1501,27101921,4731300,251574.32,51965.9,0,2023-03-30,2023-03-31
92113840712637,36564007480347,1102,27101230,4731300,346208.65,15983.19,0,2023-03-31,2023-04-01
78821056528514,39521241904683,1501,27101932,4731300,129894.4,4092.06,0,2023-04-01,2023-04-02
82370628326614,40959396754588,1102,27101290,1921700,157346.6,20995.06,0,2023-04-02,2023-04-03
36564007480347,10693186891977,1403,27101921,4731300,308750.76,33201.61,0,2023-04-03,2023-04-04
62425115410466,37576342103200,1403,22071010,4681900,449477.97,11761.4,0,2023-04-04,2023-04-05
35309925740009,70072806379938,1102,27101932,4681900,405912.59,24835.81,0,2023-04-05,2023-04-06
32583792063986,26938300300675,1102,27101251,1921700,293649.46,27998.81,0,2023-04-06,2023-04-07
36564007480347,14367814975165,1403,22071010,4731300,366459.75,4017.43,0,2023-04-07,2023-04-08
70072806379938,40959396754588,1501,27101251,4681900,185587.12,40831.51,0,2023-04-08,2023-04-09
55646664180312,44387326667272,1403,27101251,1921700,322277.94,61904.04,1,2023-04-09,2023-04-10
40959396754588,17237262179636,1501,27101932,4731300,235759.89,10622.0,0,2023-04-10,2023-04-11
49808276976407,37576342103200,1102,27101251,4681900,99018.39,41846.56,0,2023-04-11,2023-04-12
58940550786532,21219446258561,1102,27101999,4681900,352360.45,46531.74,0,2023-04-12,2023-04-13
26938300300675,72454799043664,1501,27101259,1921700,280450.0,29353.43,1,2023-04-13,2023-04-14
46813350101484,44387326667272,1102,27101999,4731300,182517.68,49076.83,0,2023-04-14,2023-04-15
67628014464771,72285672699153,1501,27101259,4731300,456112.9,28751.21,0,2023-04-15,2023-04-16
32814832825275,99934947241273,1202,27101251,4681900,15362.39,35324.61,0,2023-04-16,2023-04-17
89225676558124,35309925740009,1403,27101290,4681900,161307.71,514.71,0,2023-04-17,2023-04-18
72285672699153,10693186891977,1202,27101290,4681900,33156.29,48420.41,0,2023-04-18,2023-04-19
89225676558124,58940550786532,1501,27101259,4731300,384431.02,46293.99,0,2023-04-19,2023-04-20
21219446258561,26710344680070,1403,22071010,1921700,352543.19,2688.06,0,2023-04-20,2023-04-21
93569004708861,21219446258561,1501,27101932,1921700,169019.35,25777.51,0,2023-04-21,2023-04-22
38933954896263,67628014464771,1403,27101251,4731300,339453.14,68532.23,1,2023-04-22,2023-04-23
26938300300675,46221114558457,1403,27101932,1921700,200988.93,29451.56,0,2023-04-23,2023-04-24
72285672699153,14367814975165,1403,27101999,4681900,379345.63,35136.18,0,2023-04-24,2023-04-25
10812137970621,32814832825275,1403,27101290,1921700,229820.91,63695.11,0,2023-04-25,2023-04-26
46221114558457,80643689242456,1501,27101230,1921700,209078.47,50208.33,0,2023-04-26,2023-04-27
26938300300675,10693186891977,1403,27101999,1921700,467691.31,40744.91,0,2023-04-27,2023-04-28
29011497711050,70299905983268,1403,27101999,4681900,129185.15,55846.33,0,2023-04-28,2023-04-29
32814832825275,14367814975165,1202,27101259,4731300,64621.43,60505.64,0,2023-04-29,2023-04-30
82370628326614,61387552181268,1102,27101241,4681900,294348.84,31982.17,0,2023-04-30,2023-05-01
44387326667272,14367814975165,1102,27101999,4731300,484814.3,33257.59,0,2023-05-01,2023-05-02
70072806379938,14367814975165,1202,27101251,4731300,192030.41,27023.57,0,2023-05-02,2023-05-03
55646664180312,44387326667272,1202,27101921,4731300,35708.2,67669.43,0,2023-05-03,2023-05-04
36564007480347,10812137970621,1501,27101921,1921700,172956.11,48801.64,0,2023-05-04,2023-05-05
62338322241752,65795242760593,1501,27101251,1921700,255436.17,5825.61,0,2023-05-05,2023-05-06
36564007480347,14367814975165,1501,27101241,4731300,85151.89,60407.17,0,2023-05-06,2023-05-07
21219446258561,10812137970621,1202,27101241,4731300,330760.6,33639.2,0,2023-05-07,2023-05-08
46634094027630,93569004708861,1202,27101259,1921700,498885.95,4812.77,0,2023-05-08,2023-05-09
36564007480347,21219446258561,1403,27101290,4681900,228611.04,38480.21,0,2023-05-09,2023-05-10
17237262179636,89225676558124,1501,27101932,4731300,180590.64,29201.5,0,2023-05-10,2023-05-11
80643689242456,61387552181268,1501,27101241,4681900,203348.56,61442.46,0,2023-05-11,2023-05-12
20542722395709,40959396754588,1501,27101230,1921700,61997.36,14279.62,0,2023-05-12,2023-05-13
38933954896263,89225676558124,1102,27101259,4731300,442220.43,57852.52,0,2023-05-13,2023-05-14
55335799113741,93569004708861,1403,22071010,4681900,210338.7,39038.21,0,2023-05-14,2023-05-15
18707159231111,35309925740009,1501,27101259,4681900,196700.83,3822.72,1,2023-05-15,2023-05-16
44387326667272,70299905983268,1501,27101999,4681900,331546.69,68029.17,0,2023-05-16,2023-05-17
46813350101484,58940550786532,1501,27101932,1921700,223806.54,35883.07,0,2023-05-17,2023-05-18
58804326992743,46634094027630,1102,22071010,1921700,325875.57,20361.38,1,2023-05-18,2023-05-19
93569004708861,18707159231111,1102,22071010,4681900,35415.91,32858.48,0,2023-05-19,2023-05-20
46634094027630,38933954896263,1202,27101230,4681900,407793.06,60050.04,0,2023-05-20,2023-05-21
70072806379938,20542722395709,1403,27101230,1921700,470549.46,21343.22,0,2023-05-21,2023-05-22
58804326992743,80643689242456,1202,27101230,4681900,326138.87,13487.35,0,2023-05-22,2023-05-23
46813350101484,37576342103200,1403,27101259,4681900,477510.13,9034.99,1,2023-05-23,2023-05-24
14367814975165,82370628326614,1102,27101932,1921700,79959.0,20850.16,0,2023-05-24,2023-05-25
21219446258561,58804326992743,1501,27101259,4681900,241321.01,54603.37,0,2023-05-25,2023-05-26
57313428307289,13305930811735,1202,27101921,4681900,302894.33,33013.85,0,2023-05-26,2023-05-27
58804326992743,58804326992743,1501,27101999,4681900,292959.64,15923.71,0,2023-05-27,2023-05-28
58804326992743,13305930811735,1202,27101999,1921700,203723.58,11632.95,0,2023-05-28,2023-05-29
75563085556768,89225676558124,1102,27101230,4681900,172351.78,23291.06,0,2023-05-29,2023-05-30
29011497711050,39521241904683,1102,27101921,1921700,67777.89,65794.71,0,2023-05-30,2023-05-31
65795242760593,10693186891977,1102,27101241,1921700,198912.51,24011.87,0,2023-05-31,2023-06-01
37576342103200,44387326667272,1202,27101241,4731300,85517.1,69168.69,0,2023-06-01,2023-06-02
65795242760593,70299905983268,1403,27101230,4731300,368511.01,33966.13,0,2023-06-02,2023-06-03
39521241904683,99934947241273,1202,27101259,4681900,108371.31,12541.47,0,2023-06-03,2023-06-04
72454799043664,17237262179636,1403,27101230,1921700,33989.83,62379.81,0,2023-06-04,2023-06-05
13305930811735,17237262179636,1202,27101290,4731300,278421.24,32224.88,0,2023-06-05,2023-06-06
82370628326614,70299905983268,1202,22071010,4681900,299638.72,49676.99,0,2023-06-06,2023-06-07
39521241904683,67628014464771,1102,27101999,4731300,436596.97,68859.81,0,2023-06-07,2023-06-08
80643689242456,46221114558457,1501,27101241,4731300,290605.9,3512.27,0,2023-06-08,2023-06-09
46813350101484,36564007480347,1501,27101251,1921700,176013.02,6768.62,1,2023-06-09,2023-06-10
62338322241752,78821056528514,1403,27101241,1921700,402490.88,50431.97,0,2023-06-10,2023-06-11
72454799043664,37576342103200,1501,27101999,4731300,272438.05,19727.75,0,2023-06-11,2023-06-12
39521241904683,46221114558457,1202,22071010,4731300,44243.74,12901.1,0,2023-06-12,2023-06-13
58804326992743,26710344680070,1202,27101999,1921700,285096.03,2755.33,1,2023-06-13,2023-06-14
61387552181268,29011497711050,1102,27101251,4681900,454469.18,1529.27,0,2023-06-14,2023-06-15
46221114558457,58804326992743,1102,27101230,1921700,201174.75,54213.99,0,2023-06-15,2023-06-16
67628014464771,21219446258561,1501,27101921,4731300,151681.27,9410.34,0,2023-06-16,2023-06-17
37576342103200,93569004708861,1403,27101251,4681900,76017.38,32740.44,0,2023-06-17,2023-06-18
29011497711050,82370628326614,1501,27101999,4731300,79965.53,42412.78,0,2023-06-18,2023-06-19
58940550786532,44387326667272,1501,27101999,4681900,219221.88,29984.63,0,2023-06-19,2023-06-20
58804326992743,18707159231111,1501,27101290,4731300,299861.51,1897.47,0,2023-06-20,2023-06-21
20542722395709,92113840712637,1501,27101290,4681900,44904.63,54845.11,0,2023-06-21,2023-06-22
65795242760593,37576342103200,1202,27101932,4681900,470086.45,735.93,0,2023-06-22,2023-06-23
40959396754588,55646664180312,1403,27101290,4731300,378791.14,53332.29,0,2023-06-23,2023-06-24
61387552181268,99934947241273,1202,27101259,4681900,295378.84,62531.31,0,2023-06-24,2023-06-25
58940550786532,62425115410466,1403,27101921,1921700,415077.14,30298.79,0,2023-06-25,2023-06-26
37576342103200,99934947241273,1102,22071010,4731300,44692.44,37487.97,0,2023-06-26,2023-06-27
17237262179636,10812137970621,1501,27101251,1921700,241035.24,33388.84,0,2023-06-27,2023-06-28
93569004708861,26938300300675,1202,27101999,4731300,316896.1,27244.6,0,2023-06-28,2023-06-29
70072806379938,70072806379938,1403,27101932,4681900,415183.19,62119.72,0,2023-06-29,2023-06-30
38933954896263,55335799113741,1102,27101932,4681900,392817.43,62575.35,0,2023-06-30,2023-07-01
71947746577780,35309925740009,1102,22071010,4681900,142149.28,23507.15,0,2023-07-01,2023-07-02
58804326992743,62338322241752,1501,27101921,4731300,470735.68,43054.88,0,2023-07-02,2023-07-03
93569004708861,70072806379938,1403,27101251,1921700,66551.19,64883.53,0,2023-07-03,2023-07-04
29011497711050,17237262179636,1202,27101241,1921700,438191.14,67344.09,0,2023-07-04,2023-07-05
55335799113741,44312628217308,1501,27101290,4731300,485615.42,35627.13,0,2023-07-05,2023-07-06
46221114558457,10693186891977,1202,27101230,4731300,92690.99,31697.74,1,2023-07-06,2023-07-07
14367814975165,38933954896263,1102,27101932,1921700,362422.7,19508.6,0,2023-07-07,2023-07-08
46221114558457,55646664180312,1202,27101290,1921700,24941.33,67121.03,0,2023-07-08,2023-07-09
20542722395709,58804326992743,1202,27101290,1921700,205684.3,9997.0,0,2023-07-09,2023-07-10
99934947241273,55646664180312,1501,27101259,1921700,260560.23,40588.07,0,2023-07-10,2023-07-11
36564007480347,55335799113741,1202,27101921,4731300,292419.39,19778.52,0,2023-07-11,2023-07-12
13694459720974,21219446258561,1501,27101230,4731300,468288.94,19530.58,0,2023-07-12,2023-07-13
93569004708861,46813350101484,1102,27101241,4681900,337764.09,28347.8,0,2023-07-13,2023-07-14
92113840712637,10693186891977,1501,27101999,1921700,243232.59,69915.51,0,2023-07-14,2023-07-15
40959396754588,44387326667272,1501,27101259,4681900,405789.14,3847.64,0,2023-07-15,2023-07-16
46813350101484,82370628326614,1403,27101290,4731300,475513.75,40497.93,0,2023-07-16,2023-07-17
37576342103200,67628014464771,1202,27101290,4731300,15922.74,5780.05,1,2023-07-17,2023-07-18
62338322241752,32814832825275,1102,27101230,4681900,491348.03,10816.46,0,2023-07-18,2023-07-19
10812137970621,49808276976407,1501,27101230,1921700,47635.41,30769.41,0,2023-07-19,2023-07-20
32583792063986,44312628217308,1102,27101230,1921700,408121.46,35732.21,0,2023-07-20,2023-07-21
82370628326614,58940550786532,1403,27101290,1921700,143765.7,18115.47,0,2023-07-21,2023-07-22
14367814975165,14367814975165,1202,27101932,1921700,70428.93,22152.0,0,2023-07-22,2023-07-23
58804326992743,78821056528514,1501,27101251,4681900,222728.54,6087.69,0,2023-07-23,2023-07-24
70299905983268,99934947241273,1202,27101290,4681900,323758.51,21225.38,0,2023-07-24,2023-07-25
32814832825275,20542722395709,1403,27101259,4731300,193571.16,67659.09,0,2023-07-25,2023-07-26
71947746577780,65795242760593,1403,27101921,1921700,32009.88,66129.52,0,2023-07-26,2023-07-27
62425115410466,57313428307289,1102,27101241,1921700,301733.26,23441.48,0,2023-07-27,2023-07-28
32814832825275,39521241904683,1501,27101999,1921700,451689.62,39959.78,0,2023-07-28,2023-07-29
38933954896263,72454799043664,1102,27101241,4681900,194691.61,63671.68,0,2023-07-29,2023-07-30
61387552181268,46221114558457,1403,27101290,1921700,112084.72,432.87,0,2023-07-30,2023-07-31
10812137970621,46813350101484,1202,27101259,4681900,224075.79,56747.85,0,2023-07-31,2023-08-01
80643689242456,29011497711050,1102,27101290,1921700,28939.54,66385.87,0,2023-08-01,2023-08-02
61387552181268,67628014464771,1102,27101921,1921700,411141.35,6392.8,0,2023-08-02,2023-08-03
46221114558457,38933954896263,1202,27101932,4731300,414038.7,11301.34,0,2023-08-03,2023-08-04
13694459720974,46221114558457,1102,27101999,1921700,296060.23,67252.24,0,2023-08-04,2023-08-05
46813350101484,72454799043664,1202,27101921,1921700,179785.93,37627.81,0,2023-08-05,2023-08-06
13305930811735,70299905983268,1501,27101290,4731300,400892.77,993.76,0,2023-08-06,2023-08-07
72285672699153,20542722395709,1202,27101259,4681900,279570.08,18034.24,1,2023-08-07,2023-08-08
13305930811735,10693186891977,1501,27101921,4681900,413836.49,31496.06,0,2023-08-08,2023-08-09
37576342103200,44387326667272,1202,22071010,1921700,317572.1,48503.62,0,2023-08-09,2023-08-10
58940550786532,62338322241752,1403,27101259,4681900,393280.71,51321.23,0,2023-08-10,2023-08-11
72454799043664,46634094027630,1403,27101932,1921700,301288.68,69679.51,0,2023-08-11,2023-08-12
40959396754588,62338322241752,1501,27101290,4731300,209999.83,20125.78,0,2023-08-12,2023-08-13
49808276976407,61387552181268,1501,27101230,4731300,479183.2,37675.41,0,2023-08-13,2023-08-14
65795242760593,58940550786532,1403,27101999,1921700,272851.34,37332.65,1,2023-08-14,2023-08-15
39521241904683,46634094027630,1501,27101251,4731300,304519.31,28395.17,1,2023-08-15,2023-08-16
20542722395709,62338322241752,1202,27101230,4731300,114141.38,11841.33,0,2023-08-16,2023-08-17
71947746577780,58804326992743,1202,27101290,1921700,314697.14,68421.96,0,2023-08-17,2023-08-18
38933954896263,89225676558124,1403,22071010,1921700,287945.79,59732.2,1,2023-08-18,2023-08-19
70299905983268,18707159231111,1102,27101230,4731300,96495.01,34883.31,0,2023-08-19,2023-08-20
92113840712637,99934947241273,1202,27101999,4681900,34495.61,42227.18,0,2023-08-20,2023-08-21
37576342103200,82370628326614,1501,27101259,4681900,304157.86,15908.27,0,2023-08-21,2023-08-22
13305930811735,70072806379938,1102,22071010,1921700,383027.67,38065.09,0,2023-08-22,2023-08-23
46634094027630,55646664180312,1102,22071010,1921700,264083.68,48647.91,0,2023-08-23,2023-08-24
99934947241273,80643689242456,1202,27101921,4681900,117252.45,36061.69,0,2023-08-24,2023-08-25
49808276976407,57313428307289,1202,27101999,4731300,334928.38,69319.96,0,2023-08-25,2023-08-26
49808276976407,58940550786532,1102,27101230,4681900,44652.33,42793.92,0,2023-08-26,2023-08-27
13694459720974,14367814975165,1102,27101921,4681900,223707.68,25968.16,0,2023-08-27,2023-08-28
80643689242456,49808276976407,1403,22071010,4681900,85866.55,54050.64,0,2023-08-28,2023-08-29
21219446258561,93569004708861,1501,27101921,4681900,96307.23,11932.38,0,2023-08-29,2023-08-30
44312628217308,17237262179636,1403,27101241,1921700,105135.5,26916.11,0,2023-08-30,2023-08-31
17237262179636,62338322241752,1202,27101999,1921700,196419.99,24287.13,0,2023-08-31,2023-09-01
37576342103200,75563085556768,1403,27101932,4731300,30319.35,30226.5,1,2023-09-01,2023-09-02
44387326667272,65795242760593,1403,27101259,4731300,201907.75,54724.59,1,2023-09-02,2023-09-03
46813350101484,62425115410466,1403,22071010,4731300,258295.19,33892.11,0,2023-09-03,2023-09-04
92113840712637,18707159231111,1403,27101999,4731300,244230.67,55581.01,0,2023-09-04,2023-09-05
65795242760593,38933954896263,1501,27101932,4681900,194478.13,40354.22,0,2023-09-05,2023-09-06
49808276976407,92113840712637,1501,27101932,1921700,420377.57,23944.86,0,2023-09-06,2023-09-07
57313428307289,92113840712637,1102,27101290,1921700,76936.71,56698.51,1,2023-09-07,2023-09-08
46813350101484,61387552181268,1202,27101921,4731300,255319.89,16680.28,0,2023-09-08,2023-09-09
71947746577780,46813350101484,1403,27101932,4731300,35710.5,15706.81,0,2023-09-09,2023-09-10
55335799113741,71947746577780,1102,27101241,4681900,40222.06,35315.2,0,2023-09-10,2023-09-11
92113840712637,40959396754588,1102,27101999,4681900,289063.6,18259.45,0,2023-09-11,2023-09-12
93569004708861,70072806379938,1102,27101251,4731300,285179.12,636.09,0,2023-09-12,2023-09-13
29011497711050,44387326667272,1501,27101251,1921700,439626.59,45380.83,0,2023-09-13,2023-09-14
26938300300675,36564007480347,1403,22071010,1921700,281147.47,35776.57,0,2023-09-14,2023-09-15
70072806379938,92113840712637,1403,27101921,1921700,480096.56,31186.25,0,2023-09-15,2023-09-16
18707159231111,89225676558124,1202,27101932,4731300,29103.95,67687.8,0,2023-09-16,2023-09-17
26938300300675,26938300300675,1403,27101999,1921700,53513.8,39983.94,0,2023-09-17,2023-09-18
55646664180312,46221114558457,1403,22071010,4681900,26812.6,60440.21,0,2023-09-18,2023-09-19
80643689242456,61387552181268,1102,27101230,4681900,96712.04,9761.52,0,2023-09-19,2023-09-20
17237262179636,89225676558124,1202,27101932,4731300,272928.7,39844.45,0,2023-09-20,2023-09-21
89225676558124,58804326992743,1403,27101921,4681900,324558.23,60758.57,0,2023-09-21,2023-09-22
80643689242456,72285672699153,1501,27101251,4731300,27564.65,40817.4,0,2023-09-22,2023-09-23
92113840712637,26938300300675,1403,27101290,1921700,473255.59,50260.99,1,2023-09-23,2023-09-24
10693186891977,67628014464771,1102,27101999,1921700,421871.86,26043.05,0,2023-09-24,2023-09-25
40959396754588,61387552181268,1501,27101259,1921700,151823.18,6471.47,0,2023-09-25,2023-09-26
14367814975165,49808276976407,1102,22071010,4681900,43207.83,32053.02,0,2023-09-26,2023-09-27
62425115410466,46813350101484,1403,27101999,4731300,89094.1,27613.56,0,2023-09-27,2023-09-28
