CNPJ Emitente,XNOME,IE,DHEMI,NNF,NCM,VProd,QTRIB,VICMS,INDPAG
18707159231111,Posto 0,57818749,2021-01-01,35135,27101259,63028.13,41071.99,50360.83,PIX
20542722395709,Posto 1,81787884,2021-01-02,38164,27101921,182475.15,28824.21,39096.49,PIX
44312628217308,Posto 2,45346795,2021-01-03,84489,27101251,38237.08,3056.55,71197.1,Dinheiro
70299905983268,Posto 3,94525002,2021-01-04,48562,27101921,360398.54,9661.09,67626.98,Cartão
46221114558457,Posto 4,56003901,2021-01-05,79110,27101932,57596.57,43384.7,23755.61,PIX
26710344680070,Posto 5,74283025,2021-01-06,30169,27101230,422817.9,28582.09,63319.07,PIX
72285672699153,Posto 6,57814123,2021-01-07,69858,27101259,37269.41,47566.83,7959.27,PIX
26710344680070,Posto 7,37668708,2021-01-08,31604,22071010,41229.48,4548.69,65821.11,Cartão
55335799113741,Posto 8,92523710,2021-01-09,99670,27101259,187363.58,15467.77,54036.45,PIX
17237262179636,Posto 9,41674195,2021-01-10,98738,27101999,538563.49,10483.63,7029.31,PIX
40959396754588,Posto 10,78811288,2021-01-11,10684,27101241,386987.59,28138.17,54646.41,Dinheiro
40959396754588,Posto 11,21690251,2021-01-12,18007,27101241,463457.99,19756.85,46441.54,PIX
44312628217308,Posto 12,95071640,2021-01-13,51787,27101290,90081.95,8706.4,47564.01,Dinheiro
44387326667272,Posto 13,34794122,2021-01-14,59582,27101290,501470.51,32494.84,23269.11,Cartão
62338322241752,Posto 14,87258440,2021-01-15,84791,27101290,10838.87,27278.62,21319.78,PIX
93569004708861,Posto 15,77976702,2021-01-16,93629,27101259,132556.07,14462.08,61002.81,PIX
39521241904683,Posto 16,44612312,2021-01-17,15782,27101230,371958.84,24508.8,20545.08,Dinheiro
38933954896263,Posto 17,13087714,2021-01-18,76770,27101290,228896.37,37541.18,35700.98,Cartão
99934947241273,Posto 18,56262899,2021-01-19,67645,27101932,590610.87,11058.31,55583.12,Cartão
72285672699153,Posto 19,26135519,2021-01-20,41996,27101259,24021.51,15352.38,6369.3,Dinheiro
58940550786532,Posto 20,97364272,2021-01-21,39204,27101230,599167.31,17959.44,47563.87,Cartão
13305930811735,Posto 21,70292109,2021-01-22,27152,27101241,376434.93,37589.6,47150.11,Cartão
89225676558124,Posto 22,85965696,2021-01-23,65186,27101251,337871.95,42499.21,54738.3,Cartão
18707159231111,Posto 23,55073616,2021-01-24,95024,27101932,41350.39,19443.04,29594.25,Cartão
75563085556768,Posto 24,88737688,2021-01-25,29689,22071010,168357.35,15534.42,35918.38,Cartão
99934947241273,Posto 25,53250106,2021-01-26,60690,22071010,555249.64,44582.89,26397.55,Cartão
10693186891977,Posto 26,23969223,2021-01-27,93251,27101230,216422.13,49968.88,64653.46,Cartão
26938300300675,Posto 27,82708932,2021-01-28,67320,27101999,399022.0,33847.33,10448.86,Cartão
89225676558124,Posto 28,74625942,2021-01-29,74226,27101230,599700.83,49509.05,77036.32,PIX
55646664180312,Posto 29,65138447,2021-01-30,66091,27101251,162263.41,33338.35,50786.89,Dinheiro
58940550786532,Posto 30,85695489,2021-01-31,89301,27101241,348192.04,36939.55,70952.54,Cartão
10693186891977,Posto 31,29646137,2021-02-01,31942,27101921,419684.05,20044.14,34098.52,Dinheiro
58804326992743,Posto 32,34954255,2021-02-02,48712,27101230,103788.58,22215.41,26582.33,Cartão
38933954896263,Posto 33,75172686,2021-02-03,75277,27101241,94311.5,8062.65,72058.06,Cartão
32583792063986,Posto 34,96889305,2021-02-04,59632,22071010,277046.9,41314.75,7909.84,PIX
49808276976407,Posto 35,20718126,2021-02-05,48031,27101230,235172.64,46621.89,9368.58,Dinheiro
46634094027630,Posto 36,99523371,2021-02-06,30478,27101230,430243.97,31548.47,23947.74,Dinheiro
40959396754588,Posto 37,47782748,2021-02-07,32551,27101290,47288.21,17838.72,76782.0,PIX
71947746577780,Posto 38,35832599,2021-02-08,58068,22071010,583466.97,8546.8,50645.49,PIX
55646664180312,Posto 39,63910126,2021-02-09,45561,27101932,14480.53,13992.66,44335.5,Dinheiro
26710344680070,Posto 40,40954678,2021-02-10,12892,27101999,363182.19,13515.11,56428.51,Cartão
17237262179636,Posto 41,23090642,2021-02-11,34395,27101921,340203.76,31062.87,33397.96,Cartão
26938300300675,Posto 42,66258631,2021-02-12,28756,27101230,86021.14,47306.84,60645.88,Dinheiro
10693186891977,Posto 43,88358601,2021-02-13,97710,27101230,95644.09,3365.32,31458.46,Cartão
93569004708861,Posto 44,67593159,2021-02-14,44651,27101932,476850.43,1050.09,66109.05,PIX
21219446258561,Posto 45,93521046,2021-02-15,76333,27101999,533212.1,30408.92,21383.61,PIX
39521241904683,Posto 46,28088845,2021-02-16,83745,22071010,174112.08,14918.96,22203.73,PIX
32583792063986,Posto 47,61232190,2021-02-17,59306,27101230,266150.59,44146.87,41790.66,Dinheiro
32814832825275,Posto 48,21600244,2021-02-18,31346,27101241,216867.05,17035.27,34460.89,Dinheiro
99934947241273,Posto 49,25855977,2021-02-19,38024,27101259,49092.93,15197.14,51849.27,Dinheiro
67628014464771,Posto 50,59285503,2021-02-20,50818,27101999,405883.32,14206.02,29143.26,Cartão
58804326992743,Posto 51,74049726,2021-02-21,15947,27101230,496164.6,8097.79,18444.05,Dinheiro
46221114558457,Posto 52,63277407,2021-02-22,85153,27101999,187098.34,29494.99,37584.69,Dinheiro
71947746577780,Posto 53,46907353,2021-02-23,96240,27101921,594164.42,9242.47,44876.52,PIX
62425115410466,Posto 54,93947344,2021-02-24,77428,27101230,51055.83,21806.93,11408.0,Cartão
13305930811735,Posto 55,48648934,2021-02-25,39754,27101921,399103.68,23587.63,44537.49,Cartão
44312628217308,Posto 56,43547455,2021-02-26,73355,27101251,272247.44,2004.11,25540.54,PIX
26710344680070,Posto 57,74882335,2021-02-27,68241,27101259,271281.53,1823.56,31396.15,Cartão
35309925740009,Posto 58,12459507,2021-02-28,78960,27101932,277841.5,26490.42,22345.45,Dinheiro
21219446258561,Posto 59,76290683,2021-03-01,23418,27101921,159656.97,35105.7,74512.83,Cartão
17237262179636,Posto 60,80560961,2021-03-02,98593,27101230,431044.32,47164.98,54666.9,PIX
46221114558457,Posto 61,17292306,2021-03-03,65184,27101290,434616.46,9776.84,20996.82,Cartão
92113840712637,Posto 62,88848663,2021-03-04,14833,27101932,173743.88,6059.68,51602.51,PIX
89225676558124,Posto 63,17518933,2021-03-05,85430,27101932,502172.04,3552.31,67885.79,Dinheiro
46813350101484,Posto 64,38887817,2021-03-06,51833,22071010,194205.9,22366.04,32130.42,Dinheiro
70299905983268,Posto 65,66848968,2021-03-07,10565,27101921,436705.32,31534.22,66396.6,PIX
46634094027630,Posto 66,82901683,2021-03-08,50180,27101290,77873.86,42187.11,12353.2,Dinheiro
37576342103200,Posto 67,35788031,2021-03-09,28402,27101921,106208.78,34449.6,65822.51,Dinheiro
80643689242456,Posto 68,17642139,2021-03-10,52845,22071010,193582.61,11209.68,43223.54,Cartão
14367814975165,Posto 69,73625792,2021-03-11,85851,27101259,358761.02,23626.75,17837.96,Dinheiro
39521241904683,Posto 70,19030672,2021-03-12,22834,27101230,389433.82,45606.97,32571.31,PIX
38933954896263,Posto 71,61197278,2021-03-13,77850,27101921,241435.57,17010.31,79039.44,Dinheiro
46634094027630,Posto 72,65719339,2021-03-14,47180,22071010,52236.46,25437.79,62684.48,Cartão
70299905983268,Posto 73,42685284,2021-03-15,13883,27101999,227938.98,47969.7,46006.91,PIX
78821056528514,Posto 74,63304529,2021-03-16,85587,27101230,415127.9,37000.69,9213.11,Dinheiro
20542722395709,Posto 75,86807461,2021-03-17,21695,27101921,404571.3,37639.28,33424.93,Dinheiro
62425115410466,Posto 76,73346416,2021-03-18,33123,27101999,101156.67,13364.37,21044.12,Dinheiro
35309925740009,Posto 77,49365735,2021-03-19,68481,27101230,10623.68,21320.21,5680.09,PIX
78821056528514,Posto 78,48834379,2021-03-20,83438,27101999,453271.08,5034.77,43376.35,Cartão
26938300300675,Posto 79,69696180,2021-03-21,27573,27101932,69182.69,30719.77,71134.86,PIX
82370628326614,Posto 80,94404041,2021-03-22,66494,27101921,54915.39,6082.78,54047.99,PIX
40959396754588,Posto 81,25936565,2021-03-23,22288,22071010,7604.52,41959.57,19974.43,Cartão
46221114558457,Posto 82,60128147,2021-03-24,56978,27101230,262965.19,40913.14,45886.77,PIX
46634094027630,Posto 83,11035598,2021-03-25,82420,27101921,304938.76,27146.65,75458.74,PIX
20542722395709,Posto 84,29289118,2021-03-26,86095,27101230,384772.44,7917.14,57833.2,Dinheiro
38933954896263,Posto 85,84278022,2021-03-27,64672,27101230,181861.92,2253.37,55157.91,PIX
38933954896263,Posto 86,43718376,2021-03-28,71821,27101999,427992.28,40038.72,77452.65,Dinheiro
65795242760593,Posto 87,37856367,2021-03-29,93661,27101999,106583.12,30406.88,63909.86,PIX
72285672699153,Posto 88,12969852,2021-03-30,79224,27101290,500202.09,35835.55,10929.88,Dinheiro
32814832825275,Posto 89,51505062,2021-03-31,99405,27101921,345677.91,15886.55,27810.81,Dinheiro
49808276976407,Posto 90,32502043,2021-04-01,64796,27101251,352830.56,25964.65,77211.26,Dinheiro
46221114558457,Posto 91,16800541,2021-04-02,54706,27101241,130606.6,37611.53,39176.43,Cartão
55646664180312,Posto 92,61690102,2021-04-03,14023,27101251,50020.6,23665.6,8931.0,PIX
70072806379938,Posto 93,58737346,2021-04-04,92636,27101230,282046.53,30467.83,36688.39,PIX
38933954896263,Posto 94,17689969,2021-04-05,46735,27101290,371673.5,39696.68,55759.46,PIX
60050147002933,Posto 95,13871018,2021-04-06,82959,27101230,62457.6,11545.81,79803.86,Cartão
20542722395709,Posto 96,26223694,2021-04-07,49218,27101251,570617.48,4230.52,25912.43,Dinheiro
62338322241752,Posto 97,19459412,2021-04-08,22213,27101230,588366.13,27059.35,41126.95,PIX
62425115410466,Posto 98,83520947,2021-04-09,38460,27101999,330001.28,4044.16,70374.46,Cartão
10693186891977,Posto 99,37603044,2021-04-10,74680,27101921,570341.08,38561.31,28421.38,Cartão
32814832825275,Posto 100,17875639,2021-04-11,41017,27101251,112590.47,36241.36,8740.92,PIX
37576342103200,Posto 101,71818606,2021-04-12,40990,27101241,21099.89,44203.92,75914.87,Dinheiro
40959396754588,Posto 102,24301576,2021-04-13,29515,27101241,29409.26,32338.54,39075.26,Cartão
58804326992743,Posto 103,56378726,2021-04-14,39991,27101999,354982.41,4292.68,40222.7,PIX
44387326667272,Posto 104,31787497,2021-04-15,17634,27101921,42615.28,13404.45,49696.01,Dinheiro
36564007480347,Posto 105,68030460,2021-04-16,87034,27101259,575376.09,40588.66,282.93,Cartão
46634094027630,Posto 106,50362075,2021-04-17,86452,27101259,90308.33,9189.49,74490.49,Cartão
62338322241752,Posto 107,93836694,2021-04-18,39377,22071010,187005.35,35225.54,28916.09,PIX
46813350101484,Posto 108,15210558,2021-04-19,43001,22071010,494575.57,39232.71,31754.55,PIX
72285672699153,Posto 109,21966251,2021-04-20,11391,27101251,135931.75,17175.48,13928.74,Dinheiro
80643689242456,Posto 110,23012949,2021-04-21,75206,27101999,150323.26,16792.58,30252.13,PIX
80643689242456,Posto 111,29167127,2021-04-22,52215,27101999,387531.52,28332.33,64315.48,PIX
99934947241273,Posto 112,26208313,2021-04-23,89720,27101230,169995.14,43203.03,63999.33,Dinheiro
57313428307289,Posto 113,95612761,2021-04-24,37114,27101241,135163.89,11971.4,74863.75,PIX
80643689242456,Posto 114,66886493,2021-04-25,21882,27101241,156981.56,47121.65,32258.36,Dinheiro
55335799113741,Posto 115,77226272,2021-04-26,27273,27101241,297444.61,30356.82,56697.72,Dinheiro
82370628326614,Posto 116,44190863,2021-04-27,55647,27101290,579863.32,49614.2,40579.0,Dinheiro
55646664180312,Posto 117,41351061,2021-04-28,92665,27101921,500349.34,5391.07,64321.82,PIX
55335799113741,Posto 118,52742328,2021-04-29,74892,27101932,175058.5,7201.54,57003.36,Dinheiro
36564007480347,Posto 119,61568189,2021-04-30,52679,27101230,221843.69,41505.45,29432.23,PIX
58804326992743,Posto 120,79145585,2021-05-01,10427,27101259,281920.28,43373.04,26933.91,Dinheiro
26710344680070,Posto 121,42738154,2021-05-02,76267,27101999,587484.21,22827.48,20195.4,PIX
17237262179636,Posto 122,20029521,2021-05-03,10799,27101259,108399.94,35989.49,46121.26,Dinheiro
75563085556768,Posto 123,16087494,2021-05-04,65659,27101290,218344.96,43510.31,77107.43,Cartão
55646664180312,Posto 124,32940401,2021-05-05,17025,27101259,439279.1,3113.26,16005.34,Cartão
75563085556768,Posto 125,74658245,2021-05-06,24481,27101241,578582.58,29123.57,7620.2,Cartão
32583792063986,Posto 126,35483622,2021-05-07,35411,27101230,98471.08,42820.55,9552.05,Dinheiro
89225676558124,Posto 127,69971478,2021-05-08,24961,22071010,141063.69,20509.59,62647.89,PIX
20542722395709,Posto 128,85988255,2021-05-09,31767,27101932,140062.64,15816.8,28008.38,Dinheiro
20542722395709,Posto 129,31813333,2021-05-10,61690,27101999,18433.63,39989.63,17949.35,Dinheiro
99934947241273,Posto 130,94993257,2021-05-11,62870,27101290,364844.68,17453.54,28227.53,Dinheiro
70072806379938,Posto 131,59429226,2021-05-12,46135,27101999,404397.63,1155.54,51626.47,Dinheiro
32814832825275,Posto 132,52729836,2021-05-13,74514,27101932,363900.38,48019.06,43742.97,PIX
78821056528514,Posto 133,15408520,2021-05-14,96928,27101999,48365.86,30014.04,59487.15,Dinheiro
35309925740009,Posto 134,76008862,2021-05-15,88798,27101921,47122.69,41156.38,27125.93,Cartão
13694459720974,Posto 135,64990662,2021-05-16,80765,27101999,130969.61,41439.78,36162.29,Cartão
20542722395709,Posto 136,85178888,2021-05-17,33772,22071010,178434.94,4254.11,8157.47,Cartão
62338322241752,Posto 137,15512460,2021-05-18,28799,27101230,473206.93,9372.15,5844.69,Dinheiro
57313428307289,Posto 138,45547266,2021-05-19,33555,27101230,100677.82,16244.91,36980.42,PIX
46813350101484,Posto 139,42530400,2021-05-20,29333,27101259,32190.78,16714.26,24127.73,PIX
72454799043664,Posto 140,22512020,2021-05-21,14261,27101251,240028.58,33280.52,49024.05,PIX
26938300300675,Posto 141,49203166,2021-05-22,79002,27101241,253336.95,31533.51,3440.17,Dinheiro
78821056528514,Posto 142,73635635,2021-05-23,56553,27101932,273838.96,25234.9,9741.31,PIX
18707159231111,Posto 143,75081121,2021-05-24,13088,27101290,497180.71,11351.92,69215.26,Cartão
72285672699153,Posto 144,15194914,2021-05-25,55783,27101230,64215.22,19717.19,45304.93,PIX
44312628217308,Posto 145,14716302,2021-05-26,11115,27101259,424141.6,27636.1,56964.36,Dinheiro
65795242760593,Posto 146,26379767,2021-05-27,80114,27101999,206739.67,23931.28,67357.77,Dinheiro
78821056528514,Posto 147,79581919,2021-05-28,78126,27101241,190128.2,7237.33,37106.75,PIX
14367814975165,Posto 148,11327877,2021-05-29,82908,27101241,559930.62,32826.01,60884.83,Dinheiro
78821056528514,Posto 149,34293885,2021-05-30,79109,27101251,153590.3,4579.54,41966.85,PIX
72454799043664,Posto 150,33794028,2021-05-31,12978,27101921,387663.91,19531.54,17819.9,PIX
37576342103200,Posto 151,72897108,2021-06-01,19422,27101251,169425.89,35791.44,27012.49,Cartão
13305930811735,Posto 152,95786035,2021-06-02,53626,27101999,307243.47,1981.15,39228.04,Dinheiro
99934947241273,Posto 153,53848928,2021-06-03,99233,22071010,473057.98,28929.16,25350.84,Cartão
49808276976407,Posto 154,98084891,2021-06-04,66174,27101932,529743.18,17391.53,26842.22,Dinheiro
29011497711050,Posto 155,75372277,2021-06-05,47743,27101241,504186.16,1432.76,26991.43,PIX
62338322241752,Posto 156,44226657,2021-06-06,80461,27101290,351815.36,10328.78,9827.2,Dinheiro
67628014464771,Posto 157,97396543,2021-06-07,67199,27101290,153796.89,47106.36,6771.41,PIX
10812137970621,Posto 158,54067405,2021-06-08,39430,27101259,398772.63,26536.3,3719.68,Dinheiro
62425115410466,Posto 159,46625042,2021-06-09,38834,27101290,427683.6,49864.13,8876.5,Cartão
55335799113741,Posto 160,88700650,2021-06-10,34435,27101241,12351.04,26716.02,27496.57,Cartão
18707159231111,Posto 161,35563517,2021-06-11,97212,27101241,266891.04,27652.88,47509.74,PIX
46813350101484,Posto 162,62304261,2021-06-12,65797,27101241,506897.65,20200.31,15051.75,Cartão
89225676558124,Posto 163,18306931,2021-06-13,53554,27101932,296815.03,16191.98,71040.71,PIX
72454799043664,Posto 164,37781704,2021-06-14,64555,27101230,190957.01,13325.73,64670.59,PIX
26710344680070,Posto 165,89321956,2021-06-15,95350,27101921,523847.88,17827.61,41642.17,PIX
14367814975165,Posto 166,88655955,2021-06-16,24716,27101999,98593.13,23532.7,57936.79,Dinheiro
99934947241273,Posto 167,57842145,2021-06-17,70261,27101999,128628.47,10407.61,29306.28,PIX
46634094027630,Posto 168,42648101,2021-06-18,37528,27101259,414299.19,12018.88,2942.22,Cartão
78821056528514,Posto 169,30112921,2021-06-19,11995,27101251,215346.95,14305.69,72346.63,Dinheiro
37576342103200,Posto 170,99298129,2021-06-20,32414,27101932,429532.0,23013.73,10223.48,Cartão
39521241904683,Posto 171,28121307,2021-06-21,23844,27101230,99675.95,32987.85,75834.99,PIX
44312628217308,Posto 172,60736118,2021-06-22,46659,22071010,155847.84,42951.16,45750.61,PIX
10812137970621,Posto 173,14329394,2021-06-23,25522,27101259,99048.54,15069.46,24445.04,Cartão
39521241904683,Posto 174,84188767,2021-06-24,84034,27101230,572028.73,10002.69,39641.97,Dinheiro
61387552181268,Posto 175,98974970,2021-06-25,52322,27101241,246809.95,19563.53,40130.38,Cartão
89225676558124,Posto 176,78710071,2021-06-26,77638,27101251,206308.63,44824.77,1862.97,PIX
58940550786532,Posto 177,40215866,2021-06-27,18524,27101251,14436.08,1483.18,28436.79,Dinheiro
37576342103200,Posto 178,99134789,2021-06-28,40846,27101999,97130.04,34215.56,59189.26,PIX
46634094027630,Posto 179,36773069,2021-06-29,83643,27101921,256154.7,24380.84,40805.54,PIX
89225676558124,Posto 180,63326683,2021-06-30,70096,27101921,46690.66,8891.26,19538.41,Cartão
29011497711050,Posto 181,71263884,2021-07-01,93804,22071010,309379.16,16730.05,26808.79,PIX
37576342103200,Posto 182,32980906,2021-07-02,57703,27101251,276279.17,12022.55,69044.35,Cartão
44312628217308,Posto 183,60816075,2021-07-03,34399,27101241,461697.88,44013.78,42043.97,Dinheiro
61387552181268,Posto 184,20806322,2021-07-04,85160,27101241,397922.8,24611.8,42268.17,PIX
26710344680070,Posto 185,24377746,2021-07-05,98667,27101290,270892.7,28591.62,76917.4,PIX
89225676558124,Posto 186,64290553,2021-07-06,58591,27101241,139448.46,30090.69,25670.51,Dinheiro
10812137970621,Posto 187,23180114,2021-07-07,30714,27101230,437756.96,32341.24,38363.29,Cartão
46813350101484,Posto 188,40913815,2021-07-08,45877,27101921,426470.09,25282.23,64937.09,PIX
72285672699153,Posto 189,41382041,2021-07-09,94106,27101241,97057.92,1875.8,60712.98,Dinheiro
57313428307289,Posto 190,97779703,2021-07-10,88018,27101932,549362.59,17401.41,21263.95,PIX
38933954896263,Posto 191,89884369,2021-07-11,69136,27101241,44256.64,10009.79,12087.28,Cartão
55335799113741,Posto 192,16191081,2021-07-12,43414,27101290,38692.4,34327.0,56056.37,Cartão
78821056528514,Posto 193,62421532,2021-07-13,96576,22071010,117286.15,3778.53,20612.49,Cartão
40959396754588,Posto 194,73886608,2021-07-14,88943,22071010,546219.71,28626.37,73814.07,Cartão
17237262179636,Posto 195,64535747,2021-07-15,55468,27101251,314878.89,11320.95,10339.82,Dinheiro
10812137970621,Posto 196,24220331,2021-07-16,89702,27101241,474036.91,47493.45,25465.22,PIX
46813350101484,Posto 197,51864172,2021-07-17,82108,27101921,141338.85,17441.51,4382.98,Dinheiro
61387552181268,Posto 198,19900154,2021-07-18,56835,22071010,297191.85,16935.84,56264.42,Cartão
44387326667272,Posto 199,81930563,2021-07-19,73333,27101251,218823.94,46245.85,71301.01,Cartão
37576342103200,Posto 200,50159561,2021-07-20,52464,27101241,497730.19,21450.05,50869.96,Cartão
72454799043664,Posto 201,49726488,2021-07-21,32923,22071010,19427.04,48180.25,75020.24,Cartão
58804326992743,Posto 202,78604894,2021-07-22,71855,22071010,150842.58,2184.35,10280.32,PIX
93569004708861,Posto 203,21237698,2021-07-23,77445,27101241,96629.09,16010.88,7018.71,Cartão
78821056528514,Posto 204,93897089,2021-07-24,77619,27101259,516358.29,33643.46,67073.02,PIX
89225676558124,Posto 205,31149688,2021-07-25,56146,27101241,283721.05,44651.99,68440.89,Cartão
55335799113741,Posto 206,95609560,2021-07-26,70032,27101230,246106.71,13563.87,66483.16,PIX
58804326992743,Posto 207,18313264,2021-07-27,27140,22071010,272992.76,46593.4,63917.19,PIX
32583792063986,Posto 208,30476613,2021-07-28,12670,27101921,583323.18,30111.95,28978.27,Cartão
44312628217308,Posto 209,58624409,2021-07-29,46519,27101259,511058.83,40249.4,17396.97,Dinheiro
32583792063986,Posto 210,45545799,2021-07-30,54512,27101290,425583.05,20463.16,74304.32,Dinheiro
89225676558124,Posto 211,92905626,2021-07-31,67811,27101251,178544.5,11396.84,24560.01,Dinheiro
61387552181268,Posto 212,85827800,2021-08-01,24691,27101241,104112.76,45650.54,31872.61,Dinheiro
55335799113741,Posto 213,41890577,2021-08-02,44262,27101921,553331.58,46723.66,55964.72,Dinheiro
29011497711050,Posto 214,31186229,2021-08-03,64892,27101290,257306.86,25381.18,23468.49,Cartão
58804326992743,Posto 215,42420096,2021-08-04,35595,27101290,171580.94,1318.26,65530.42,Cartão
20542722395709,Posto 216,96594748,2021-08-05,67207,22071010,285726.97,6379.36,5602.77,Cartão
46813350101484,Posto 217,11000294,2021-08-06,43440,27101230,551201.37,29078.37,63294.61,Cartão
67628014464771,Posto 218,59888130,2021-08-07,18630,22071010,235917.98,2165.06,48148.11,Cartão
65795242760593,Posto 219,55141494,2021-08-08,41250,27101251,340208.75,20448.68,45839.49,Cartão
78821056528514,Posto 220,65989955,2021-08-09,87518,27101259,482961.98,15865.13,36670.16,PIX
13305930811735,Posto 221,36112808,2021-08-10,84191,27101932,259716.72,36003.07,22163.65,PIX
26938300300675,Posto 222,34951460,2021-08-11,74791,27101259,144723.83,3723.35,37125.62,Cartão
14367814975165,Posto 223,79394226,2021-08-12,94118,27101251,596748.29,24947.83,36002.28,Cartão
13694459720974,Posto 224,74807461,2021-08-13,73753,27101290,574203.09,29376.6,46700.34,PIX
58804326992743,Posto 225,52120305,2021-08-14,70520,27101259,507026.63,31247.26,22525.94,PIX
55646664180312,Posto 226,76829650,2021-08-15,14008,27101241,414894.08,20852.73,6207.65,Cartão
32814832825275,Posto 227,56985134,2021-08-16,54464,22071010,181150.18,15914.02,11607.16,PIX
67628014464771,Posto 228,55169625,2021-08-17,10496,27101932,548567.29,34442.16,55934.19,Dinheiro
37576342103200,Posto 229,89025801,2021-08-18,33212,27101921,169680.66,42530.88,1799.39,Dinheiro
14367814975165,Posto 230,96922853,2021-08-19,30637,27101241,481680.84,34987.26,68515.44,Dinheiro
13694459720974,Posto 231,90999757,2021-08-20,55227,27101259,551445.35,46673.02,55551.79,PIX
10812137970621,Posto 232,47938864,2021-08-21,92413,27101999,364184.28,36145.91,61446.92,Cartão
46813350101484,Posto 233,61963218,2021-08-22,93346,27101290,483015.39,38466.32,66878.76,Cartão
46221114558457,Posto 234,21879286,2021-08-23,19884,27101290,476266.89,9227.26,9816.84,Cartão
13694459720974,Posto 235,14773598,2021-08-24,78259,27101999,120735.7,21557.44,65796.09,PIX
82370628326614,Posto 236,11660102,2021-08-25,59810,27101259,402747.14,24767.71,40371.4,PIX
55646664180312,Posto 237,54288210,2021-08-26,14761,27101290,61519.95,13558.36,70841.91,Dinheiro
44387326667272,Posto 238,45066142,2021-08-27,83166,27101230,307662.99,26898.45,70926.93,PIX
92113840712637,Posto 239,70487347,2021-08-28,26375,27101290,102367.92,15248.81,1934.24,Dinheiro
39521241904683,Posto 240,67607929,2021-08-29,35218,27101932,253311.6,34687.6,30629.22,Dinheiro
60050147002933,Posto 241,35998054,2021-08-30,40565,27101230,500791.35,24044.14,42111.9,Cartão
72285672699153,Posto 242,90817623,2021-08-31,42975,27101251,592377.7,23481.54,54268.81,PIX
35309925740009,Posto 243,72355448,2021-09-01,37073,27101251,194868.14,49198.48,22894.9,Cartão
44312628217308,Posto 244,83915951,2021-09-02,79726,27101230,321981.69,20229.8,20171.38,Cartão
62338322241752,Posto 245,47616748,2021-09-03,11883,27101241,309711.03,18752.48,30501.26,PIX
46813350101484,Posto 246,49141671,2021-09-04,78422,27101241,572914.5,16611.61,40075.1,PIX
93569004708861,Posto 247,55131781,2021-09-05,59629,27101932,290278.74,44842.71,76091.7,Dinheiro
72285672699153,Posto 248,11655464,2021-09-06,74170,22071010,421269.09,25339.47,60968.68,Dinheiro
21219446258561,Posto 249,86904291,2021-09-07,84489,27101259,553542.8,30400.71,34345.69,Dinheiro
26938300300675,Posto 250,51931546,2021-09-08,18381,27101230,227786.86,9860.11,4349.29,Dinheiro
61387552181268,Posto 251,23947082,2021-09-09,33238,27101999,541860.61,27506.18,13481.65,Cartão
21219446258561,Posto 252,68687812,2021-09-10,23795,27101921,550969.0,14457.76,36473.95,Cartão
71947746577780,Posto 253,41842064,2021-09-11,72999,27101259,558813.53,36801.21,65106.07,PIX
29011497711050,Posto 254,10878835,2021-09-12,59907,27101932,166645.03,41793.89,30455.64,Dinheiro
62338322241752,Posto 255,58673094,2021-09-13,19638,27101230,243811.22,36025.72,43079.73,Dinheiro
58804326992743,Posto 256,35789402,2021-09-14,80467,27101251,523015.17,36781.96,71344.39,Dinheiro
57313428307289,Posto 257,84665006,2021-09-15,52623,27101259,219342.12,26111.26,73103.7,Cartão
10812137970621,Posto 258,46831992,2021-09-16,48492,27101241,362550.3,35893.78,17262.0,PIX
46813350101484,Posto 259,29947086,2021-09-17,36411,27101999,76124.38,21711.66,3487.59,Cartão
26938300300675,Posto 260,15088268,2021-09-18,30534,27101259,39427.34,32922.97,24432.84,PIX
93569004708861,Posto 261,38197770,2021-09-19,39181,27101921,250724.43,13692.92,55664.19,PIX
89225676558124,Posto 262,50834427,2021-09-20,29996,27101932,349876.42,4418.09,76088.98,Cartão
46221114558457,Posto 263,96265173,2021-09-21,82089,27101932,239263.27,21260.19,6162.56,Cartão
14367814975165,Posto 264,32257499,2021-09-22,93609,27101932,349175.05,23627.13,2278.7,PIX
92113840712637,Posto 265,24188311,2021-09-23,82666,27101932,311960.12,13563.95,70731.78,Cartão
62338322241752,Posto 266,73223004,2021-09-24,39405,27101921,413310.09,36657.77,59851.62,Cartão
72285672699153,Posto 267,76893896,2021-09-25,81325,27101932,391822.26,4603.97,79379.89,PIX
57313428307289,Posto 268,75027817,2021-09-26,38930,27101999,258001.95,11914.67,31743.43,PIX
35309925740009,Posto 269,79869315,2021-09-27,27529,22071010,258447.17,37679.67,33284.07,Dinheiro
26710344680070,Posto 270,39963888,2021-09-28,63546,27101251,89622.33,22419.09,13784.95,Cartão
35309925740009,Posto 271,52640429,2021-09-29,17942,27101999,310863.71,35558.9,9267.77,PIX
26710344680070,Posto 272,83478417,2021-09-30,17548,27101932,354784.4,28806.81,46297.44,Cartão
46221114558457,Posto 273,49987407,2021-10-01,28296,27101230,289034.7,47584.92,29142.8,Cartão
44312628217308,Posto 274,55709216,2021-10-02,61016,27101241,199470.16,30292.0,6425.32,PIX
67628014464771,Posto 275,31018460,2021-10-03,10296,22071010,434659.24,1728.58,70958.97,Dinheiro
17237262179636,Posto 276,72893670,2021-10-04,77945,27101251,50349.02,18290.99,15868.52,PIX
72454799043664,Posto 277,73647867,2021-10-05,69980,27101241,549177.58,8009.97,59886.75,PIX
82370628326614,Posto 278,24765065,2021-10-06,66782,27101999,18262.2,46307.05,22578.29,Cartão
26938300300675,Posto 279,64236488,2021-10-07,44229,27101921,577635.98,6096.61,65032.39,Dinheiro
55335799113741,Posto 280,64152378,2021-10-08,63444,27101921,280639.23,19997.63,9471.75,PIX
14367814975165,Posto 281,30121659,2021-10-09,45036,27101241,251125.95,12078.86,60485.73,Cartão
61387552181268,Posto 282,86553976,2021-10-10,49322,27101230,158327.75,42489.38,7849.51,PIX
58940550786532,Posto 283,93409794,2021-10-11,37167,27101241,11982.25,16119.76,35753.26,Cartão
21219446258561,Posto 284,45998581,2021-10-12,61667,27101999,169225.42,49602.78,58720.35,PIX
32814832825275,Posto 285,45769101,2021-10-13,93337,27101241,70983.56,2892.21,13857.47,Dinheiro
55646664180312,Posto 286,34273337,2021-10-14,61468,27101251,397933.58,7285.56,22853.2,PIX
21219446258561,Posto 287,25807704,2021-10-15,82894,27101230,195530.53,12007.3,69181.36,Cartão
35309925740009,Posto 288,39754903,2021-10-16,63084,27101290,461704.52,40744.2,70809.55,PIX
20542722395709,Posto 289,36352995,2021-10-17,73138,27101259,128908.22,44047.34,3594.84,Dinheiro
60050147002933,Posto 290,12933361,2021-10-18,32588,27101290,540739.51,4501.12,13447.25,Dinheiro
10812137970621,Posto 291,43976087,2021-10-19,72901,27101241,316651.02,2590.55,9397.76,Dinheiro
14367814975165,Posto 292,24010010,2021-10-20,27671,27101921,74016.68,37483.29,14375.45,Dinheiro
71947746577780,Posto 293,65655588,2021-10-21,93038,27101290,244102.07,7534.25,77615.02,Cartão
93569004708861,Posto 294,77908581,2021-10-22,41645,27101932,128815.75,7516.93,44132.42,PIX
10812137970621,Posto 295,62813914,2021-10-23,17637,27101999,124613.14,2095.96,37448.99,Dinheiro
60050147002933,Posto 296,58781478,2021-10-24,10660,27101290,306783.62,3440.59,78757.39,PIX
92113840712637,Posto 297,91693630,2021-10-25,16922,22071010,405103.86,13920.1,44556.49,Cartão
72454799043664,Posto 298,27699022,2021-10-26,54721,27101230,547501.21,4185.27,52889.43,PIX
82370628326614,Posto 299,38572953,2021-10-27,67256,27101999,304284.23,19075.08,26621.64,PIX
36564007480347,Posto 300,65297088,2021-10-28,79506,27101921,579708.23,41805.98,30569.19,Dinheiro
20542722395709,Posto 301,52734083,2021-10-29,78943,27101290,565331.1,16989.69,47552.75,Dinheiro
65795242760593,Posto 302,51428124,2021-10-30,37843,27101230,519847.14,36663.87,5582.86,Cartão
49808276976407,Posto 303,21689720,2021-10-31,19046,27101259,302986.5,5601.59,20470.63,PIX
75563085556768,Posto 304,44748160,2021-11-01,99336,27101230,89696.94,33309.38,15744.94,Cartão
92113840712637,Posto 305,98947434,2021-11-02,73985,27101230,135435.26,16520.61,1271.47,Cartão
99934947241273,Posto 306,75648945,2021-11-03,90083,27101999,390715.98,37737.89,42952.1,Cartão
67628014464771,Posto 307,24700938,2021-11-04,40346,27101259,256522.46,7676.35,44884.23,Dinheiro
38933954896263,Posto 308,45058761,2021-11-05,98284,27101230,93200.17,44996.29,30715.14,Dinheiro
44312628217308,Posto 309,95663930,2021-11-06,63526,22071010,290522.4,12886.28,21498.2,PIX
32583792063986,Posto 310,27313104,2021-11-07,83143,27101290,16353.74,18303.75,52164.79,PIX
72285672699153,Posto 311,92710179,2021-11-08,46787,27101290,441933.85,47558.85,10772.73,PIX
80643689242456,Posto 312,67488951,2021-11-09,43583,22071010,49707.29,29345.64,41489.2,Dinheiro
20542722395709,Posto 313,64250094,2021-11-10,22563,27101290,379693.49,18922.8,61445.92,Dinheiro
57313428307289,Posto 314,71289177,2021-11-11,56060,27101230,477048.12,47530.51,13143.84,Cartão
62425115410466,Posto 315,16971631,2021-11-12,43690,27101230,84790.46,17124.79,60260.76,Dinheiro
46221114558457,Posto 316,90431636,2021-11-13,24925,27101999,314071.38,5648.66,60863.56,Cartão
37576342103200,Posto 317,39978764,2021-11-14,96787,27101932,468766.1,49845.6,4794.13,Cartão
46634094027630,Posto 318,28980104,2021-11-15,93184,27101921,160816.27,14124.4,1502.75,Dinheiro
32814832825275,Posto 319,37025546,2021-11-16,30108,27101921,102772.46,42711.63,77914.83,Cartão
32814832825275,Posto 320,67035210,2021-11-17,86515,27101230,206070.55,9111.5,15470.61,Cartão
32583792063986,Posto 321,22513349,2021-11-18,78258,27101241,335491.31,36836.34,65771.14,PIX
58804326992743,Posto 322,29329408,2021-11-19,15355,27101932,347716.08,26698.02,44948.05,Cartão
62338322241752,Posto 323,68856053,2021-11-20,56069,22071010,83740.54,49064.42,21157.77,Dinheiro
72454799043664,Posto 324,20922181,2021-11-21,64471,27101230,277795.9,28088.69,10397.63,Dinheiro
99934947241273,Posto 325,11724620,2021-11-22,42705,27101241,165359.62,2225.74,39734.18,Cartão
32583792063986,Posto 326,71302485,2021-11-23,53909,27101230,506162.39,30590.02,32588.38,PIX
62425115410466,Posto 327,81939029,2021-11-24,98606,27101241,192263.63,8120.51,55910.89,Dinheiro
60050147002933,Posto 328,83675556,2021-11-25,63739,27101230,504190.49,40128.5,72333.48,Dinheiro
70072806379938,Posto 329,27135278,2021-11-26,86820,27101259,260567.38,42971.84,64419.85,PIX
46813350101484,Posto 330,84357594,2021-11-27,97273,27101290,437591.94,24622.58,21956.16,Cartão
58804326992743,Posto 331,58259953,2021-11-28,33241,27101921,308975.78,39377.85,70314.66,Dinheiro
13694459720974,Posto 332,54898291,2021-11-29,37414,27101921,375445.8,8110.43,66671.31,Cartão
58804326992743,Posto 333,79186509,2021-11-30,60818,27101932,240841.77,25111.83,74330.9,Cartão
70299905983268,Posto 334,44955903,2021-12-01,30895,27101251,462314.82,20303.27,36692.87,Cartão
21219446258561,Posto 335,58297390,2021-12-02,72409,27101921,258562.49,30954.55,61486.01,Cartão
44387326667272,Posto 336,98665977,2021-12-03,65324,27101251,277732.22,3179.38,47332.65,Dinheiro
72454799043664,Posto 337,45270980,2021-12-04,76920,27101259,313501.13,37854.02,24840.22,PIX
26938300300675,Posto 338,14952505,2021-12-05,63555,27101241,500103.53,4877.34,79554.48,Dinheiro
58940550786532,Posto 339,81209185,2021-12-06,75453,27101932,397671.08,33167.1,3064.6,PIX
93569004708861,Posto 340,49649993,2021-12-07,32689,27101290,213401.27,1904.4,12981.81,Cartão
17237262179636,Posto 341,10037361,2021-12-08,74356,22071010,404169.86,41762.52,71403.39,PIX
72454799043664,Posto 342,25547216,2021-12-09,18252,27101251,387601.38,9560.28,4845.03,Cartão
75563085556768,Posto 343,96784925,2021-12-10,40844,27101290,559025.45,26259.38,70945.65,Dinheiro
40959396754588,Posto 344,13463227,2021-12-11,33365,27101932,505801.36,13813.15,57217.72,Dinheiro
58804326992743,Posto 345,68424716,2021-12-12,16026,27101932,390583.47,36409.71,2934.72,PIX
49808276976407,Posto 346,46012288,2021-12-13,38523,27101921,208855.22,16746.2,34345.6,Cartão
18707159231111,Posto 347,62672750,2021-12-14,20482,27101290,469068.41,36505.85,60357.72,Cartão
13694459720974,Posto 348,21960096,2021-12-15,58888,27101230,347673.73,14958.69,46648.02,PIX
35309925740009,Posto 349,43554469,2021-12-16,60110,27101999,591250.37,37871.18,74869.7,Cartão
62338322241752,Posto 350,92487320,2021-12-17,10493,27101932,153018.64,2499.67,69411.52,Cartão
99934947241273,Posto 351,56440908,2021-12-18,66194,27101251,53315.57,14882.26,26611.81,Cartão
40959396754588,Posto 352,76567738,2021-12-19,92001,22071010,47515.74,25433.04,6770.18,Dinheiro
37576342103200,Posto 353,35787355,2021-12-20,49767,22071010,386178.05,3207.92,75540.56,Dinheiro
99934947241273,Posto 354,97290238,2021-12-21,39550,27101259,563920.58,10115.67,41382.94,Dinheiro
18707159231111,Posto 355,62987688,2021-12-22,23833,27101259,7147.56,46792.31,5951.81,Cartão
70299905983268,Posto 356,27480861,2021-12-23,12970,27101921,437108.0,48864.88,65326.05,Dinheiro
89225676558124,Posto 357,65243320,2021-12-24,92681,27101230,396296.72,37247.75,69480.52,Cartão
78821056528514,Posto 358,68547632,2021-12-25,59177,27101921,440988.69,13357.8,51153.97,Cartão
37576342103200,Posto 359,19694535,2021-12-26,77342,22071010,217110.81,13765.35,35800.72,PIX
62338322241752,Posto 360,62953520,2021-12-27,81200,27101241,493374.89,32643.73,52973.84,Cartão
39521241904683,Posto 361,56923182,2021-12-28,71501,22071010,32555.92,6762.38,56534.7,Dinheiro
14367814975165,Posto 362,25562820,2021-12-29,38900,27101932,454726.07,47467.16,71442.4,Dinheiro
10812137970621,Posto 363,76545663,2021-12-30,24126,27101290,164640.73,12015.83,76468.93,Cartão
55646664180312,Posto 364,79391237,2021-12-31,80690,27101290,289241.64,49982.15,41145.67,Dinheiro
44387326667272,Posto 365,63171800,2022-01-01,97744,27101932,494645.95,25290.96,63879.56,Cartão
72454799043664,Posto 366,17527872,2022-01-02,89303,27101932,167187.27,38800.07,77160.76,PIX
13305930811735,Posto 367,86349696,2022-01-03,95579,22071010,116013.26,1107.02,12099.47,Cartão
39521241904683,Posto 368,29169951,2022-01-04,57994,27101290,410700.03,44548.57,1461.44,Cartão
44387326667272,Posto 369,50868585,2022-01-05,77061,27101290,322836.57,14230.1,69517.1,PIX
32814832825275,Posto 370,99304706,2022-01-06,26978,27101290,311555.9,33728.9,15621.87,Dinheiro
61387552181268,Posto 371,19750576,2022-01-07,66344,27101932,158521.09,40511.41,3398.3,PIX
40959396754588,Posto 372,90392507,2022-01-08,56648,27101259,26718.9,9043.24,12807.69,PIX
58940550786532,Posto 373,32773738,2022-01-09,11055,27101230,249699.87,22682.96,30729.19,Cartão
82370628326614,Posto 374,97493020,2022-01-10,85582,27101241,69296.33,25197.96,17541.26,Cartão
32583792063986,Posto 375,71789185,2022-01-11,91214,27101932,544157.56,16293.85,24420.29,PIX
39521241904683,Posto 376,97486280,2022-01-12,54876,27101290,30502.69,24606.04,78023.52,Dinheiro
58804326992743,Posto 377,27336247,2022-01-13,48725,27101251,262400.61,16559.74,56352.44,PIX
82370628326614,Posto 378,33268496,2022-01-14,15255,22071010,37033.88,18676.64,56975.34,Dinheiro
37576342103200,Posto 379,60144621,2022-01-15,84947,22071010,62753.06,33797.23,7574.83,PIX
58940550786532,Posto 380,64767376,2022-01-16,63380,27101230,397366.8,31997.07,58567.87,PIX
70072806379938,Posto 381,68926640,2022-01-17,63333,27101932,390384.09,12381.02,59147.55,Dinheiro
67628014464771,Posto 382,50096587,2022-01-18,52459,27101230,25633.0,44976.66,52779.6,PIX
32814832825275,Posto 383,50719803,2022-01-19,46163,27101259,6672.1,43276.64,18274.9,Cartão
40959396754588,Posto 384,42115603,2022-01-20,43971,27101999,52817.94,25945.08,33842.89,PIX
36564007480347,Posto 385,38692913,2022-01-21,75149,27101921,459221.35,22229.29,67702.12,Cartão
70299905983268,Posto 386,98021634,2022-01-22,94730,27101251,353238.42,19465.94,53616.13,Dinheiro
70299905983268,Posto 387,80096952,2022-01-23,29476,27101921,28642.24,35656.13,58621.51,Dinheiro
78821056528514,Posto 388,58397873,2022-01-24,78580,27101999,295929.63,33911.64,46989.95,Cartão
58940550786532,Posto 389,44534339,2022-01-25,96593,27101251,428945.44,10612.85,35966.93,PIX
55646664180312,Posto 390,28678953,2022-01-26,79050,27101921,522157.13,33901.44,60724.16,Cartão
55646664180312,Posto 391,98871328,2022-01-27,85526,27101251,560817.68,13369.13,5434.07,Cartão
44387326667272,Posto 392,70184714,2022-01-28,17507,27101230,200499.69,1909.36,53852.86,Dinheiro
72454799043664,Posto 393,90888054,2022-01-29,80393,27101241,86684.46,35261.23,79776.36,Cartão
61387552181268,Posto 394,33186579,2022-01-30,22118,27101251,146734.0,32594.89,62415.35,PIX
80643689242456,Posto 395,26773349,2022-01-31,60529,27101999,467045.87,21129.65,23245.08,Cartão
46221114558457,Posto 396,62634391,2022-02-01,78682,27101230,583061.62,26758.62,22225.56,Dinheiro
46634094027630,Posto 397,98474236,2022-02-02,64176,27101230,283037.81,47411.29,53377.49,PIX
32583792063986,Posto 398,26649919,2022-02-03,14414,27101259,187379.81,30164.81,71668.34,Dinheiro
93569004708861,Posto 399,44539893,2022-02-04,93030,27101290,260939.21,33236.31,46235.98,Cartão
78821056528514,Posto 400,66163407,2022-02-05,95973,22071010,187059.01,4131.65,42192.18,Cartão
40959396754588,Posto 401,32488128,2022-02-06,72137,27101259,158353.59,9133.73,12830.73,Dinheiro
65795242760593,Posto 402,45360855,2022-02-07,13937,27101999,358687.95,15746.66,57236.56,Dinheiro
18707159231111,Posto 403,59032279,2022-02-08,46731,27101932,15347.17,27429.59,56183.89,PIX
71947746577780,Posto 404,69348171,2022-02-09,96862,27101932,160174.04,39052.95,77356.11,Dinheiro
37576342103200,Posto 405,13594128,2022-02-10,48665,22071010,398860.95,16740.8,24015.37,Dinheiro
13694459720974,Posto 406,69897213,2022-02-11,84510,27101230,25045.24,18462.74,60515.64,Cartão
46634094027630,Posto 407,68438232,2022-02-12,27500,27101241,55421.88,13551.39,34725.22,Cartão
13694459720974,Posto 408,75998396,2022-02-13,11750,27101999,180277.31,13475.86,44677.82,Dinheiro
55335799113741,Posto 409,97375630,2022-02-14,75018,22071010,527416.05,47494.33,65316.31,Dinheiro
61387552181268,Posto 410,33666269,2022-02-15,14027,27101932,460342.38,32137.4,17759.6,Cartão
57313428307289,Posto 411,13895090,2022-02-16,15745,27101290,19161.04,8639.16,27429.5,PIX
46221114558457,Posto 412,37011610,2022-02-17,71731,27101230,304017.41,36390.18,61864.69,PIX
62425115410466,Posto 413,32939708,2022-02-18,96984,27101932,169164.37,36379.04,45636.63,PIX
57313428307289,Posto 414,93325625,2022-02-19,38451,27101241,391295.52,33657.04,7393.83,PIX
72454799043664,Posto 415,85533854,2022-02-20,81474,22071010,434603.01,7601.3,34414.87,Cartão
29011497711050,Posto 416,17038170,2022-02-21,71536,27101251,518540.37,20991.58,46930.67,Dinheiro
99934947241273,Posto 417,27639435,2022-02-22,22150,27101241,288397.24,6231.06,72761.39,PIX
21219446258561,Posto 418,57209261,2022-02-23,23406,27101251,596703.35,41014.4,15079.04,Cartão
46221114558457,Posto 419,68666398,2022-02-24,29781,27101230,588111.75,33103.44,64476.24,Dinheiro
55646664180312,Posto 420,86772328,2022-02-25,67417,22071010,530007.03,25852.99,10449.96,PIX
13694459720974,Posto 421,13801082,2022-02-26,28325,27101259,347472.48,17807.76,19378.85,Dinheiro
65795242760593,Posto 422,30123884,2022-02-27,78684,27101999,242415.82,10028.22,19467.51,PIX
14367814975165,Posto 423,89426740,2022-02-28,83469,27101259,222445.47,6215.93,70198.34,Dinheiro
72454799043664,Posto 424,88204732,2022-03-01,19436,27101259,13202.1,48492.79,15921.42,PIX
92113840712637,Posto 425,46760109,2022-03-02,27669,27101932,154009.65,10782.78,62956.86,PIX
62338322241752,Posto 426,75746377,2022-03-03,82010,27101290,432972.09,3933.86,36944.52,Dinheiro
71947746577780,Posto 427,20024015,2022-03-04,86764,27101290,364557.47,48121.67,79927.26,Dinheiro
37576342103200,Posto 428,89590022,2022-03-05,11843,27101999,550354.78,27898.64,67127.32,Dinheiro
72454799043664,Posto 429,77591939,2022-03-06,75609,27101921,35713.23,40036.18,59176.25,Cartão
39521241904683,Posto 430,89457242,2022-03-07,60812,27101932,98234.3,3144.53,69658.1,Cartão
10812137970621,Posto 431,42447283,2022-03-08,26059,27101921,474810.81,28780.35,50722.43,Dinheiro
26710344680070,Posto 432,20165918,2022-03-09,96269,27101251,218953.53,20512.29,67492.18,Cartão
72454799043664,Posto 433,85824842,2022-03-10,50768,27101932,76297.13,38826.26,20890.15,PIX
10812137970621,Posto 434,38094575,2022-03-11,35395,22071010,597891.6,2882.86,7816.26,Dinheiro
72454799043664,Posto 435,49006163,2022-03-12,30202,27101921,473626.68,20682.84,49274.56,Cartão
93569004708861,Posto 436,83854901,2022-03-13,23273,27101999,248792.18,40154.6,34775.23,Dinheiro
61387552181268,Posto 437,37330357,2022-03-14,58889,27101999,495068.4,26612.17,34115.26,PIX
26710344680070,Posto 438,35998966,2022-03-15,83048,27101932,410278.7,27951.9,42139.83,PIX
40959396754588,Posto 439,98359294,2022-03-16,98810,27101259,475245.01,5761.07,28910.61,Cartão
35309925740009,Posto 440,89794192,2022-03-17,55510,22071010,490232.59,7484.2,50084.76,PIX
13694459720974,Posto 441,64014444,2022-03-18,97945,27101230,56328.84,34172.98,2445.47,Dinheiro
20542722395709,Posto 442,23679946,2022-03-19,80649,22071010,376045.9,34077.28,77591.31,Cartão
37576342103200,Posto 443,86340125,2022-03-20,12881,27101999,10030.62,48976.07,73976.72,Dinheiro
49808276976407,Posto 444,84950504,2022-03-21,55913,27101251,31813.01,35885.7,74821.61,Dinheiro
32583792063986,Posto 445,18740245,2022-03-22,94785,27101921,542964.13,25168.93,29200.28,Dinheiro
44312628217308,Posto 446,92817140,2022-03-23,75037,27101921,319372.85,43009.06,42551.28,PIX
46813350101484,Posto 447,92216490,2022-03-24,72457,27101251,443125.78,6119.18,76330.45,Dinheiro
72285672699153,Posto 448,23486194,2022-03-25,45343,27101241,504069.59,23015.5,72187.68,PIX
89225676558124,Posto 449,82246820,2022-03-26,72389,27101932,570054.54,15068.35,63219.56,Dinheiro
18707159231111,Posto 450,99160493,2022-03-27,88250,27101999,522395.59,6127.25,32586.53,PIX
67628014464771,Posto 451,57031920,2022-03-28,18656,27101290,293087.0,38411.6,45147.14,PIX
44312628217308,Posto 452,68056226,2022-03-29,15741,27101251,205566.36,26028.81,63433.0,PIX
32583792063986,Posto 453,35429327,2022-03-30,26661,27101251,97768.98,28281.67,21840.96,Dinheiro
82370628326614,Posto 454,66742223,2022-03-31,38690,22071010,243790.96,21151.5,50115.95,Dinheiro
32814832825275,Posto 455,79427156,2022-04-01,42833,27101932,223697.19,23556.52,66234.75,PIX
18707159231111,Posto 456,62358041,2022-04-02,81240,27101932,338387.46,6684.85,56596.38,Dinheiro
92113840712637,Posto 457,67954168,2022-04-03,87711,27101290,401312.59,33972.97,38358.45,PIX
99934947241273,Posto 458,54945123,2022-04-04,67141,27101932,587125.33,22189.92,46768.67,Dinheiro
36564007480347,Posto 459,79488761,2022-04-05,88232,27101259,438661.39,41021.61,79094.04,PIX
18707159231111,Posto 460,95180496,2022-04-06,49023,27101999,388386.63,10618.07,48159.02,PIX
65795242760593,Posto 461,45539628,2022-04-07,50209,27101259,205044.91,11047.7,62849.42,Cartão
10693186891977,Posto 462,51257621,2022-04-08,96612,27101241,26495.3,32642.22,58128.38,Dinheiro
10693186891977,Posto 463,89415670,2022-04-09,90522,27101999,177146.33,42454.17,56119.25,Dinheiro
18707159231111,Posto 464,11560121,2022-04-10,24440,27101230,462458.05,24137.69,57309.52,Cartão
10693186891977,Posto 465,76353214,2022-04-11,17960,27101999,127931.53,36620.74,36352.78,PIX
93569004708861,Posto 466,82987127,2022-04-12,32462,27101999,429039.79,49967.17,37932.81,PIX
13694459720974,Posto 467,94329115,2022-04-13,27821,27101290,350389.23,49523.02,37429.02,Cartão
18707159231111,Posto 468,80207936,2022-04-14,67772,27101259,108082.98,37472.51,2660.37,Cartão
61387552181268,Posto 469,50205155,2022-04-15,37258,22071010,161405.13,37239.74,19285.23,PIX
72285672699153,Posto 470,74794026,2022-04-16,98952,27101290,300804.34,13133.33,12365.12,Dinheiro
65795242760593,Posto 471,35126308,2022-04-17,72524,27101999,254514.57,41843.44,70915.6,Cartão
89225676558124,Posto 472,40270785,2022-04-18,32115,22071010,468466.93,20850.0,21997.55,Cartão
78821056528514,Posto 473,58897936,2022-04-19,56433,27101921,442236.36,48137.7,11075.41,Cartão
60050147002933,Posto 474,65532199,2022-04-20,98267,22071010,347297.26,4989.96,9581.35,Cartão
13305930811735,Posto 475,61082888,2022-04-21,98321,27101251,494431.18,22356.18,55999.19,Cartão
21219446258561,Posto 476,81424460,2022-04-22,89364,27101290,340225.71,28236.18,486.66,Cartão
46634094027630,Posto 477,73005130,2022-04-23,80077,27101290,578847.22,20852.65,37704.35,PIX
35309925740009,Posto 478,16775996,2022-04-24,50644,27101251,135031.11,11318.38,9509.69,PIX
20542722395709,Posto 479,61327439,2022-04-25,72643,27101921,430194.4,30056.44,67973.07,Cartão
13694459720974,Posto 480,38227962,2022-04-26,23311,27101932,225746.81,38039.98,76676.03,PIX
13305930811735,Posto 481,87038593,2022-04-27,40531,27101932,171705.92,32597.09,76700.37,Dinheiro
46221114558457,Posto 482,92304617,2022-04-28,24588,27101932,113150.16,12487.99,35357.13,Dinheiro
55335799113741,Posto 483,45514731,2022-04-29,59416,27101932,334187.06,36848.79,51561.19,Cartão
62338322241752,Posto 484,82187975,2022-04-30,22380,27101259,133988.84,13587.99,47976.33,Dinheiro
80643689242456,Posto 485,34679850,2022-05-01,52645,27101251,125008.41,9584.92,28003.11,Dinheiro
70072806379938,Posto 486,79962365,2022-05-02,27818,27101921,594375.95,34842.73,35525.16,PIX
29011497711050,Posto 487,54770473,2022-05-03,40857,27101999,482237.97,42296.58,5145.9,PIX
13305930811735,Posto 488,83391308,2022-05-04,31711,27101241,450476.43,24595.43,63655.92,PIX
44387326667272,Posto 489,65945552,2022-05-05,15097,27101290,477672.01,27038.2,19264.28,PIX
21219446258561,Posto 490,79568486,2022-05-06,38393,22071010,581540.19,15834.63,36842.19,Dinheiro
55646664180312,Posto 491,41604183,2022-05-07,32076,27101932,346526.35,25236.28,38449.66,Cartão
99934947241273,Posto 492,91677981,2022-05-08,94274,22071010,136824.86,7467.17,44856.94,PIX
18707159231111,Posto 493,14240012,2022-05-09,67609,27101241,518152.53,47835.71,65430.13,Dinheiro
32583792063986,Posto 494,17903797,2022-05-10,39317,27101290,447182.05,40217.67,55350.48,PIX
89225676558124,Posto 495,89614567,2022-05-11,68480,27101230,252099.14,33730.68,53045.04,Dinheiro
13305930811735,Posto 496,88813009,2022-05-12,17044,27101921,287300.28,27371.52,42139.64,PIX
58804326992743,Posto 497,84158849,2022-05-13,81033,27101259,250283.92,39816.29,7676.46,Cartão
55335799113741,Posto 498,65483594,2022-05-14,65486,22071010,558385.64,25243.1,32160.68,PIX
75563085556768,Posto 499,17026206,2022-05-15,65162,27101932,210057.78,15698.72,76585.35,Cartão
36564007480347,Posto 500,14247328,2022-05-16,89287,27101251,578309.66,8858.34,79643.85,PIX
78821056528514,Posto 501,95337549,2022-05-17,39882,22071010,546701.43,32731.69,58439.85,PIX
26710344680070,Posto 502,40583887,2022-05-18,64078,27101290,380529.56,46541.86,18201.2,PIX
71947746577780,Posto 503,31513632,2022-05-19,68734,27101230,350414.13,8527.31,8151.25,Dinheiro
26710344680070,Posto 504,30841213,2022-05-20,53826,27101921,225833.03,9820.88,33181.15,Dinheiro
13694459720974,Posto 505,85411839,2022-05-21,97985,27101251,16893.0,22246.7,68525.75,Cartão
46813350101484,Posto 506,23101446,2022-05-22,54028,27101290,81808.17,40538.07,57749.14,Cartão
89225676558124,Posto 507,85546398,2022-05-23,61331,27101230,454013.41,15402.21,70711.38,Dinheiro
55335799113741,Posto 508,32884398,2022-05-24,42543,27101251,286094.84,13441.73,49262.11,Cartão
46813350101484,Posto 509,96665140,2022-05-25,39362,22071010,95003.85,31378.35,10426.27,Cartão
72285672699153,Posto 510,10483791,2022-05-26,37315,27101290,162792.75,27245.12,9183.68,Dinheiro
93569004708861,Posto 511,36836754,2022-05-27,37746,27101999,569015.12,3950.8,3840.18,Dinheiro
21219446258561,Posto 512,25374160,2022-05-28,20057,27101230,224076.9,4993.01,45366.4,Dinheiro
17237262179636,Posto 513,96044794,2022-05-29,52915,27101999,545163.08,32507.64,19430.9,Dinheiro
14367814975165,Posto 514,88945753,2022-05-30,31061,27101999,186953.68,23791.06,58750.69,PIX
61387552181268,Posto 515,19184874,2022-05-31,61370,27101259,328672.74,48577.88,54899.99,Dinheiro
65795242760593,Posto 516,96508360,2022-06-01,44157,27101230,18163.39,34248.04,25448.86,Cartão
36564007480347,Posto 517,23317681,2022-06-02,21322,27101999,315993.82,1493.61,14144.13,PIX
46221114558457,Posto 518,14225872,2022-06-03,79812,22071010,384343.55,24569.92,8192.03,PIX
55646664180312,Posto 519,23380190,2022-06-04,87842,27101290,145177.23,21307.95,58985.22,Cartão
32583792063986,Posto 520,52553366,2022-06-05,44017,27101290,349888.68,6228.98,36035.28,PIX
32814832825275,Posto 521,11245749,2022-06-06,66792,22071010,390417.66,46237.23,25882.39,Cartão
72454799043664,Posto 522,29004157,2022-06-07,37742,27101259,414010.33,40445.55,68532.24,PIX
29011497711050,Posto 523,95304260,2022-06-08,74808,27101921,467183.57,12274.21,47489.06,PIX
46813350101484,Posto 524,66564794,2022-06-09,27629,27101259,190935.51,13543.06,41440.19,Cartão
29011497711050,Posto 525,67386147,2022-06-10,18245,27101290,343259.51,2568.88,59470.33,Cartão
10812137970621,Posto 526,18237881,2022-06-11,53870,27101921,589057.94,15539.16,65246.65,Cartão
26938300300675,Posto 527,96905047,2022-06-12,74829,27101259,539497.64,29646.48,54885.85,Cartão
10812137970621,Posto 528,93602614,2022-06-13,20588,27101999,571883.26,21621.33,35200.51,Dinheiro
55646664180312,Posto 529,47281336,2022-06-14,10442,27101921,235365.02,48493.52,30343.9,Dinheiro
72454799043664,Posto 530,24459536,2022-06-15,87339,27101290,473435.29,3747.93,61733.2,Cartão
61387552181268,Posto 531,87030489,2022-06-16,50721,22071010,374219.38,29980.08,41432.57,Dinheiro
75563085556768,Posto 532,49465270,2022-06-17,47145,27101932,55144.64,43057.16,56350.89,Cartão
14367814975165,Posto 533,61724844,2022-06-18,20599,27101999,495444.35,24556.3,71231.9,Cartão
55335799113741,Posto 534,27812427,2022-06-19,82594,27101999,408198.16,1145.17,73271.25,PIX
13305930811735,Posto 535,79298432,2022-06-20,92742,27101932,124156.91,12897.27,22217.25,Cartão
67628014464771,Posto 536,64266388,2022-06-21,87430,27101241,53364.7,16864.68,15031.2,Cartão
49808276976407,Posto 537,80891028,2022-06-22,12939,27101251,503191.15,48333.73,20902.99,Cartão
89225676558124,Posto 538,11761331,2022-06-23,32149,27101230,52867.69,45676.89,60109.74,Cartão
32814832825275,Posto 539,62208977,2022-06-24,76567,27101259,60264.2,47509.35,29604.64,PIX
13694459720974,Posto 540,96779050,2022-06-25,20208,27101241,259880.52,41462.16,13871.14,Cartão
18707159231111,Posto 541,85648066,2022-06-26,76098,27101259,86069.91,18230.74,7870.84,PIX
57313428307289,Posto 542,33553648,2022-06-27,59492,27101241,548719.74,45387.94,26185.06,Cartão
13305930811735,Posto 543,47513447,2022-06-28,30951,27101921,285348.66,49102.54,10890.92,PIX
36564007480347,Posto 544,37298766,2022-06-29,58920,22071010,344075.68,18153.49,12509.89,Dinheiro
58940550786532,Posto 545,21061060,2022-06-30,56766,27101230,557295.02,13767.24,54710.72,PIX
49808276976407,Posto 546,12214979,2022-07-01,67014,27101230,320976.36,27798.9,1578.57,PIX
71947746577780,Posto 547,76041337,2022-07-02,38351,27101259,216033.14,10170.46,9404.26,Cartão
44387326667272,Posto 548,50908724,2022-07-03,94216,27101932,479510.13,2598.59,67549.24,PIX
21219446258561,Posto 549,11836082,2022-07-04,59386,27101921,269053.02,47345.73,67593.13,PIX
44387326667272,Posto 550,39506320,2022-07-05,97122,27101230,195170.84,46361.29,26339.48,Cartão
62425115410466,Posto 551,76476651,2022-07-06,19308,27101251,435598.3,8970.04,7036.24,Dinheiro
78821056528514,Posto 552,42145070,2022-07-07,69252,27101259,482153.77,20979.27,56397.63,Dinheiro
62425115410466,Posto 553,65288809,2022-07-08,85145,27101999,476279.4,41720.78,28810.54,Dinheiro
38933954896263,Posto 554,50949943,2022-07-09,93211,27101251,586738.6,33389.01,3637.17,PIX
26938300300675,Posto 555,76536470,2022-07-10,38064,27101290,473280.17,20344.59,12626.16,Cartão
60050147002933,Posto 556,31364497,2022-07-11,63879,27101259,463340.46,37464.38,10977.18,Dinheiro
44387326667272,Posto 557,35543156,2022-07-12,18720,27101259,515346.24,44955.32,47129.31,Dinheiro
58804326992743,Posto 558,31755450,2022-07-13,52940,27101999,6110.01,46381.76,71849.41,Dinheiro
46634094027630,Posto 559,97858242,2022-07-14,89993,27101921,221284.26,19563.63,63445.76,Dinheiro
13305930811735,Posto 560,83275858,2022-07-15,78475,27101999,444136.24,9504.47,43721.28,Cartão
20542722395709,Posto 561,47726492,2022-07-16,57113,27101230,362233.09,45729.1,33772.41,Dinheiro
14367814975165,Posto 562,33380568,2022-07-17,58926,22071010,111477.77,5535.22,49494.14,PIX
58804326992743,Posto 563,26856163,2022-07-18,48203,27101259,186417.45,36362.73,35505.02,PIX
46813350101484,Posto 564,20342588,2022-07-19,98901,27101290,206054.81,7884.37,19687.93,Cartão
39521241904683,Posto 565,33929820,2022-07-20,15392,27101932,343289.9,20079.96,54335.8,Dinheiro
46634094027630,Posto 566,71258617,2022-07-21,35905,27101259,499969.39,21166.23,69859.52,Dinheiro
44387326667272,Posto 567,64301059,2022-07-22,83508,27101999,559900.12,8779.14,29829.63,PIX
44312628217308,Posto 568,66719600,2022-07-23,60385,27101241,451554.89,46211.39,67323.08,Cartão
92113840712637,Posto 569,49524109,2022-07-24,40653,27101259,506712.53,1130.74,34486.56,PIX
62338322241752,Posto 570,25505393,2022-07-25,94720,27101259,285237.0,44796.62,32106.88,Cartão
62338322241752,Posto 571,94854490,2022-07-26,24799,27101290,237526.54,44307.64,2265.95,Cartão
58940550786532,Posto 572,87908384,2022-07-27,70103,27101290,239268.87,16531.22,55622.31,Cartão
17237262179636,Posto 573,97822722,2022-07-28,25052,27101259,371926.89,35509.93,64600.2,PIX
93569004708861,Posto 574,55554920,2022-07-29,16044,27101241,79796.6,13387.64,53084.55,Cartão
62338322241752,Posto 575,35860758,2022-07-30,29871,22071010,350219.54,38179.9,12108.88,PIX
75563085556768,Posto 576,61372483,2022-07-31,99303,27101241,401088.92,28494.87,8263.48,PIX
57313428307289,Posto 577,42679646,2022-08-01,30234,27101241,266711.79,15711.05,45828.7,Dinheiro
67628014464771,Posto 578,32163668,2022-08-02,31381,27101241,572181.3,20611.5,32121.3,PIX
29011497711050,Posto 579,85640089,2022-08-03,27274,22071010,367278.68,34804.55,34327.82,PIX
26710344680070,Posto 580,86766434,2022-08-04,97840,27101921,136679.69,45398.78,77424.02,Dinheiro
21219446258561,Posto 581,99020709,2022-08-05,93108,27101921,290654.46,7405.6,57913.81,Dinheiro
99934947241273,Posto 582,54044887,2022-08-06,59892,27101241,407190.24,28996.83,32943.02,Dinheiro
26710344680070,Posto 583,11034780,2022-08-07,60521,27101999,198235.7,13432.73,1527.94,Cartão
80643689242456,Posto 584,50683254,2022-08-08,93920,27101251,53307.11,40267.24,2727.66,Cartão
40959396754588,Posto 585,70184379,2022-08-09,93391,27101921,352560.77,4441.63,54784.3,Dinheiro
18707159231111,Posto 586,74346562,2022-08-10,27920,27101932,569034.88,34758.83,67019.1,Cartão
46813350101484,Posto 587,37733052,2022-08-11,26702,27101290,294132.76,9572.35,56616.21,Dinheiro
44312628217308,Posto 588,44303477,2022-08-12,11894,22071010,544228.79,30222.89,32471.02,Cartão
55646664180312,Posto 589,40477458,2022-08-13,40985,22071010,502004.01,41948.94,2490.86,PIX
32814832825275,Posto 590,55977520,2022-08-14,38287,27101251,93563.19,37998.95,77392.13,Cartão
18707159231111,Posto 591,17736085,2022-08-15,83527,27101921,426652.93,37894.2,78906.88,Cartão
89225676558124,Posto 592,83914224,2022-08-16,25439,27101290,264666.52,26374.42,43949.16,PIX
55646664180312,Posto 593,42489400,2022-08-17,52235,27101241,154646.32,44646.53,5653.68,Dinheiro
13694459720974,Posto 594,48116218,2022-08-18,37659,27101999,414041.38,29817.15,43277.8,Cartão
89225676558124,Posto 595,46655436,2022-08-19,34976,27101921,447140.47,45958.38,71387.08,Cartão
57313428307289,Posto 596,98073522,2022-08-20,92643,27101251,112858.41,27779.6,54398.84,PIX
13694459720974,Posto 597,97698277,2022-08-21,77865,27101290,549180.14,25792.31,57599.14,PIX
58940550786532,Posto 598,55843878,2022-08-22,78306,27101259,452181.46,11895.3,6797.59,PIX
29011497711050,Posto 599,53658912,2022-08-23,66697,27101290,560425.05,27694.55,8520.93,PIX
46221114558457,Posto 600,33210780,2022-08-24,80382,27101259,194341.49,7888.66,10187.9,Dinheiro
32814832825275,Posto 601,40553797,2022-08-25,26651,27101932,563965.0,43614.82,72350.15,Cartão
62425115410466,Posto 602,96096926,2022-08-26,59044,27101230,224899.49,34118.7,42067.97,Cartão
44387326667272,Posto 603,64760408,2022-08-27,24633,27101290,38058.04,49688.14,63326.01,Cartão
46634094027630,Posto 604,96195311,2022-08-28,89164,27101251,459203.82,5512.77,9223.3,Cartão
35309925740009,Posto 605,58677728,2022-08-29,10569,27101251,423883.84,12792.96,74211.42,Dinheiro
75563085556768,Posto 606,53447859,2022-08-30,69900,27101999,361159.13,43980.77,65691.37,Cartão
14367814975165,Posto 607,57955593,2022-08-31,77509,27101241,296996.88,20367.45,17981.13,Dinheiro
46634094027630,Posto 608,75135063,2022-09-01,43038,27101290,25106.17,23848.85,69934.58,Dinheiro
89225676558124,Posto 609,64827081,2022-09-02,59088,27101230,377010.77,43171.94,21075.42,PIX
32814832825275,Posto 610,65547432,2022-09-03,83177,27101921,253599.76,26569.34,16427.19,PIX
46221114558457,Posto 611,44394700,2022-09-04,84466,27101251,338764.39,10480.32,21139.51,Cartão
13694459720974,Posto 612,49683458,2022-09-05,82216,27101932,261016.88,44709.48,72796.41,Dinheiro
10812137970621,Posto 613,15770938,2022-09-06,76793,22071010,579837.34,2522.02,73247.36,PIX
13694459720974,Posto 614,66889249,2022-09-07,83786,27101251,364840.69,44874.42,26319.66,Dinheiro
71947746577780,Posto 615,38896688,2022-09-08,48138,27101290,451046.38,3475.49,56434.73,PIX
26710344680070,Posto 616,18441243,2022-09-09,73310,27101932,562190.09,33626.62,54059.62,Dinheiro
58940550786532,Posto 617,89712722,2022-09-10,38757,22071010,357410.0,4512.29,64525.01,Cartão
20542722395709,Posto 618,21652065,2022-09-11,80394,27101259,13165.14,35604.44,23720.76,Cartão
67628014464771,Posto 619,72906336,2022-09-12,89027,27101230,26369.26,2664.59,40811.08,Dinheiro
39521241904683,Posto 620,12791671,2022-09-13,66151,27101251,423189.03,42280.43,53413.92,PIX
62425115410466,Posto 621,97317623,2022-09-14,59272,27101290,171776.57,23831.25,2100.55,PIX
75563085556768,Posto 622,33740482,2022-09-15,16908,22071010,350151.56,5579.24,30139.1,Cartão
70072806379938,Posto 623,47632572,2022-09-16,20844,22071010,126152.65,35634.15,55671.07,Cartão
32583792063986,Posto 624,77026839,2022-09-17,61455,27101241,166527.83,24975.22,20207.61,Cartão
72285672699153,Posto 625,74391870,2022-09-18,78447,22071010,305756.79,10356.49,76616.33,PIX
20542722395709,Posto 626,35262572,2022-09-19,84527,27101230,585488.26,1767.95,2412.91,PIX
46634094027630,Posto 627,70168854,2022-09-20,87108,27101932,372064.67,21481.91,76646.98,Cartão
10812137970621,Posto 628,39989149,2022-09-21,53066,27101932,562071.97,5195.83,17341.11,Dinheiro
92113840712637,Posto 629,84575761,2022-09-22,50004,22071010,575871.63,5614.32,3905.76,PIX
37576342103200,Posto 630,78024631,2022-09-23,48333,27101290,129617.34,14099.15,23397.92,Cartão
67628014464771,Posto 631,52244404,2022-09-24,93029,27101251,190849.0,31892.46,62902.58,Dinheiro
18707159231111,Posto 632,53270918,2022-09-25,49697,27101290,463375.42,26965.62,60195.36,PIX
10693186891977,Posto 633,25547488,2022-09-26,27634,27101999,520857.82,4380.38,16707.23,Dinheiro
49808276976407,Posto 634,38208068,2022-09-27,34561,27101251,314420.69,48453.13,15743.21,Dinheiro
39521241904683,Posto 635,75166972,2022-09-28,28033,27101259,595976.28,44471.27,51406.39,PIX
72285672699153,Posto 636,63701063,2022-09-29,82887,27101230,12873.89,13702.05,36646.62,Cartão
36564007480347,Posto 637,59942451,2022-09-30,65063,27101290,183958.04,6994.59,63383.2,Dinheiro
13305930811735,Posto 638,37275395,2022-10-01,35921,27101241,376158.08,47177.74,1930.62,Cartão
32814832825275,Posto 639,97589793,2022-10-02,29340,27101932,284758.21,23595.95,48832.95,PIX
17237262179636,Posto 640,21881412,2022-10-03,72781,22071010,75262.16,16247.18,58453.76,Dinheiro
57313428307289,Posto 641,10381856,2022-10-04,24901,27101251,224465.53,25027.54,79470.89,Dinheiro
10812137970621,Posto 642,30542660,2022-10-05,20638,22071010,21115.6,38864.46,54302.54,Dinheiro
70299905983268,Posto 643,57849253,2022-10-06,48596,27101259,387791.15,9250.88,18547.61,Dinheiro
71947746577780,Posto 644,37873913,2022-10-07,96914,27101999,536289.07,38607.3,8654.9,Dinheiro
58804326992743,Posto 645,48133529,2022-10-08,54324,22071010,531615.23,37722.89,51273.34,PIX
65795242760593,Posto 646,47571331,2022-10-09,98356,27101290,421529.42,27428.06,41854.65,Dinheiro
39521241904683,Posto 647,25528998,2022-10-10,42642,27101251,282667.5,43426.27,71931.62,PIX
72285672699153,Posto 648,72028341,2022-10-11,35378,27101241,310146.78,7475.03,58128.64,Cartão
37576342103200,Posto 649,47509631,2022-10-12,60867,27101259,87329.78,30178.47,40779.4,PIX
46221114558457,Posto 650,65573977,2022-10-13,83686,27101230,208564.15,23017.81,32287.16,Dinheiro
75563085556768,Posto 651,34134159,2022-10-14,52875,27101999,117510.48,21692.31,32349.98,Cartão
13305930811735,Posto 652,92068862,2022-10-15,99595,27101290,493792.92,13375.49,18104.34,PIX
61387552181268,Posto 653,94362457,2022-10-16,93729,27101230,549363.82,19241.7,1386.08,PIX
46813350101484,Posto 654,77507286,2022-10-17,74377,27101241,324932.42,6299.39,45992.85,PIX
13694459720974,Posto 655,94008017,2022-10-18,64691,27101230,438291.84,13328.35,16993.18,Dinheiro
29011497711050,Posto 656,44688061,2022-10-19,74303,27101932,78150.07,14326.29,16666.15,Dinheiro
62338322241752,Posto 657,27155571,2022-10-20,70839,27101251,367469.58,36312.73,10030.5,PIX
26938300300675,Posto 658,87388841,2022-10-21,59063,27101230,423457.87,3378.97,15167.64,PIX
82370628326614,Posto 659,97879691,2022-10-22,88343,27101290,274944.27,32908.42,2543.13,Cartão
13305930811735,Posto 660,34592105,2022-10-23,93071,27101932,150504.21,11849.09,53938.52,Dinheiro
21219446258561,Posto 661,21504456,2022-10-24,15492,27101932,527160.47,5011.21,32111.77,Dinheiro
62425115410466,Posto 662,62006907,2022-10-25,41357,27101230,447287.78,15739.5,44921.97,Cartão
99934947241273,Posto 663,20347737,2022-10-26,81838,27101999,540515.23,11999.17,50956.61,PIX
32814832825275,Posto 664,34950408,2022-10-27,42314,27101921,492131.17,28049.59,77798.76,PIX
46634094027630,Posto 665,16609001,2022-10-28,58697,27101999,594282.41,18511.44,5461.27,Cartão
32583792063986,Posto 666,52370519,2022-10-29,80283,22071010,120150.6,48333.69,33433.41,PIX
32814832825275,Posto 667,57655757,2022-10-30,69567,27101290,57528.17,48213.93,19671.83,PIX
65795242760593,Posto 668,44915196,2022-10-31,57006,27101921,206179.66,22742.05,38136.95,Cartão
21219446258561,Posto 669,91322370,2022-11-01,70011,27101251,82628.48,39959.29,73637.78,Cartão
58804326992743,Posto 670,29948769,2022-11-02,20686,27101932,316739.29,1650.16,57918.74,Cartão
70299905983268,Posto 671,80291863,2022-11-03,47449,27101290,382019.17,27842.77,52955.97,PIX
61387552181268,Posto 672,19514440,2022-11-04,71606,27101241,349503.44,37421.66,35299.67,Cartão
65795242760593,Posto 673,76500236,2022-11-05,28891,22071010,159988.64,11630.22,53689.0,PIX
61387552181268,Posto 674,50583878,2022-11-06,62115,22071010,545841.47,3997.42,2590.03,Dinheiro
10693186891977,Posto 675,49345172,2022-11-07,70719,27101290,18576.38,8640.03,46899.09,Dinheiro
18707159231111,Posto 676,35049902,2022-11-08,83030,27101251,212719.93,22650.56,44302.13,Cartão
26710344680070,Posto 677,10850122,2022-11-09,46723,27101932,433081.53,25812.2,27731.23,PIX
99934947241273,Posto 678,90138656,2022-11-10,39877,27101259,461555.78,19663.37,16121.13,PIX
13694459720974,Posto 679,69241983,2022-11-11,24026,27101259,253174.42,22558.71,64604.44,PIX
17237262179636,Posto 680,33105620,2022-11-12,30422,27101290,16044.43,24041.51,4308.97,Cartão
75563085556768,Posto 681,43460390,2022-11-13,19244,27101230,373117.95,38702.4,5573.83,PIX
70299905983268,Posto 682,45416447,2022-11-14,43481,27101999,43478.24,6156.85,35241.74,PIX
10812137970621,Posto 683,41033811,2022-11-15,99180,22071010,70066.33,38678.57,20204.36,PIX
58940550786532,Posto 684,71170759,2022-11-16,68031,27101251,392248.93,34742.74,59636.19,Dinheiro
38933954896263,Posto 685,88457828,2022-11-17,18521,22071010,191618.07,37341.38,50735.21,PIX
17237262179636,Posto 686,90238088,2022-11-18,11746,27101241,212729.91,36988.95,61802.78,Dinheiro
32814832825275,Posto 687,57953688,2022-11-19,93127,27101259,295163.4,24059.0,25974.32,PIX
35309925740009,Posto 688,28782680,2022-11-20,78232,27101932,587275.57,11358.61,59241.52,PIX
71947746577780,Posto 689,60068499,2022-11-21,22012,27101241,579472.68,27294.82,68984.26,PIX
70299905983268,Posto 690,97903721,2022-11-22,90224,27101932,253259.03,47941.12,27621.96,Dinheiro
55335799113741,Posto 691,55439465,2022-11-23,33457,22071010,163706.54,29837.76,27191.67,PIX
36564007480347,Posto 692,76292037,2022-11-24,80572,27101251,185739.74,1541.31,71996.11,Cartão
40959396754588,Posto 693,94512856,2022-11-25,39960,27101259,165656.09,3925.83,3983.22,PIX
37576342103200,Posto 694,21106789,2022-11-26,97695,22071010,322154.01,49650.31,28015.15,Dinheiro
32583792063986,Posto 695,28539203,2022-11-27,17910,27101259,366474.73,4525.37,9493.8,Dinheiro
46221114558457,Posto 696,83632093,2022-11-28,12693,27101290,296334.96,3256.21,2318.45,Cartão
46221114558457,Posto 697,52925139,2022-11-29,25858,27101932,248348.65,18298.19,9029.55,Cartão
57313428307289,Posto 698,80594946,2022-11-30,38810,22071010,131503.31,48496.54,34499.66,Cartão
55646664180312,Posto 699,59457238,2022-12-01,30092,27101921,292608.32,16615.08,54956.49,Dinheiro
70299905983268,Posto 700,45105074,2022-12-02,98779,27101259,208615.01,21084.32,23142.59,PIX
32814832825275,Posto 701,53734865,2022-12-03,58700,27101259,327707.7,32069.78,67974.02,PIX
46634094027630,Posto 702,21498649,2022-12-04,68105,27101921,407062.51,2181.48,35009.25,Cartão
93569004708861,Posto 703,12494903,2022-12-05,40505,27101230,382187.43,44990.42,77458.24,Cartão
65795242760593,Posto 704,34566499,2022-12-06,83228,22071010,280719.18,26452.71,76332.45,PIX
13305930811735,Posto 705,60847679,2022-12-07,38555,27101921,336295.14,23873.73,61862.1,Cartão
35309925740009,Posto 706,34003294,2022-12-08,81934,27101259,175204.54,43175.61,74592.44,PIX
39521241904683,Posto 707,32473124,2022-12-09,82788,22071010,20398.71,47700.75,56567.69,PIX
18707159231111,Posto 708,61964396,2022-12-10,87257,27101251,377261.56,21747.84,71646.66,PIX
29011497711050,Posto 709,93296888,2022-12-11,27939,27101251,156025.72,9449.61,18917.9,PIX
58804326992743,Posto 710,14862944,2022-12-12,21825,27101932,403358.5,40969.75,27633.62,Dinheiro
92113840712637,Posto 711,58642458,2022-12-13,34151,27101230,449723.05,20759.76,60234.41,PIX
29011497711050,Posto 712,43919148,2022-12-14,10036,27101251,550061.08,46841.73,33964.9,Cartão
93569004708861,Posto 713,71394947,2022-12-15,93707,27101230,575124.94,47545.05,66986.19,Cartão
36564007480347,Posto 714,57793791,2022-12-16,49051,27101932,12252.47,6626.62,70211.11,Cartão
75563085556768,Posto 715,48807519,2022-12-17,90738,27101290,594282.28,47871.14,23978.36,Cartão
89225676558124,Posto 716,82029655,2022-12-18,83596,27101241,411712.88,19045.25,65876.06,Dinheiro
72285672699153,Posto 717,42391010,2022-12-19,70071,27101932,388253.35,32666.37,12341.14,PIX
55335799113741,Posto 718,35130020,2022-12-20,83601,27101999,15036.58,2702.75,26735.74,PIX
20542722395709,Posto 719,94340703,2022-12-21,39873,27101230,517572.65,44555.33,41437.2,Cartão
58804326992743,Posto 720,35061958,2022-12-22,46648,27101251,92421.92,32438.27,18115.5,Cartão
44312628217308,Posto 721,18015648,2022-12-23,81468,27101251,503374.11,32534.17,46341.43,Cartão
37576342103200,Posto 722,59054750,2022-12-24,36470,22071010,15244.15,45206.63,46295.61,PIX
26710344680070,Posto 723,11310646,2022-12-25,75129,27101259,389702.77,25909.01,16552.23,Dinheiro
65795242760593,Posto 724,85538812,2022-12-26,18328,27101251,264272.11,21115.32,63651.31,Dinheiro
26938300300675,Posto 725,92031883,2022-12-27,16333,27101921,125255.44,43440.31,50531.56,Dinheiro
80643689242456,Posto 726,68501463,2022-12-28,56638,27101259,69891.47,37378.61,25420.84,Dinheiro
37576342103200,Posto 727,94778823,2022-12-29,21268,27101921,267435.85,47499.81,18574.78,Cartão
78821056528514,Posto 728,44967717,2022-12-30,80603,27101230,79243.65,47065.97,70300.01,PIX
93569004708861,Posto 729,71860539,2022-12-31,27045,27101999,294949.29,19733.98,66859.38,Cartão
21219446258561,Posto 730,37691349,2023-01-01,50741,27101259,377378.93,22902.33,18380.85,Dinheiro
26938300300675,Posto 731,11330657,2023-01-02,98306,27101230,497466.21,13543.26,2848.42,Cartão
55335799113741,Posto 732,69684467,2023-01-03,52770,27101251,409117.77,33371.75,64362.61,Dinheiro
39521241904683,Posto 733,57459283,2023-01-04,17887,27101999,44728.66,18862.56,49240.68,PIX
93569004708861,Posto 734,92543136,2023-01-05,34918,27101290,188614.92,39518.93,8070.56,Dinheiro
18707159231111,Posto 735,82109647,2023-01-06,45497,27101251,177059.29,6955.99,46988.66,Cartão
44387326667272,Posto 736,45883199,2023-01-07,71009,27101241,549529.26,6703.74,36174.61,PIX
62338322241752,Posto 737,35110847,2023-01-08,21929,27101932,521462.53,11018.31,61964.03,Dinheiro
62425115410466,Posto 738,63038781,2023-01-09,71762,27101259,225867.86,5130.32,16726.79,Dinheiro
36564007480347,Posto 739,31596739,2023-01-10,89099,27101241,48266.22,31381.55,36252.54,PIX
10812137970621,Posto 740,88584282,2023-01-11,38546,27101259,537099.75,8220.29,12499.53,Cartão
26938300300675,Posto 741,93126698,2023-01-12,88424,27101932,533584.83,8838.18,76602.18,PIX
61387552181268,Posto 742,54638031,2023-01-13,47338,27101259,513719.2,1697.18,62299.05,Cartão
61387552181268,Posto 743,33399482,2023-01-14,44283,27101230,507978.49,39322.41,58937.79,Dinheiro
26710344680070,Posto 744,87295027,2023-01-15,92494,27101921,291270.88,40802.51,55216.53,Dinheiro
13305930811735,Posto 745,76666592,2023-01-16,88170,22071010,111394.4,8939.1,33866.92,PIX
67628014464771,Posto 746,76697711,2023-01-17,94787,27101230,289627.9,37236.7,73862.59,Dinheiro
10812137970621,Posto 747,93069588,2023-01-18,56566,27101932,299791.08,22243.71,5833.36,PIX
49808276976407,Posto 748,15805333,2023-01-19,95464,27101259,297019.46,12740.15,64260.73,Dinheiro
44387326667272,Posto 749,15516552,2023-01-20,91991,27101230,326030.92,31447.85,17218.62,Dinheiro
10812137970621,Posto 750,94793352,2023-01-21,38013,27101921,159048.27,9745.72,25922.24,Cartão
39521241904683,Posto 751,87993754,2023-01-22,62132,27101241,223547.26,38087.3,41554.38,PIX
57313428307289,Posto 752,24192912,2023-01-23,97412,27101230,263906.84,3333.15,62612.4,PIX
10693186891977,Posto 753,97960491,2023-01-24,38084,27101241,83886.0,47997.42,67082.79,Dinheiro
46634094027630,Posto 754,91088504,2023-01-25,31143,27101932,276486.3,4521.89,46698.58,Cartão
17237262179636,Posto 755,44090796,2023-01-26,24179,27101241,487418.95,29392.97,32242.84,Cartão
44387326667272,Posto 756,58096263,2023-01-27,68726,27101259,497867.37,45207.52,75720.19,PIX
75563085556768,Posto 757,24311631,2023-01-28,20222,27101999,250468.88,1583.32,19721.7,PIX
61387552181268,Posto 758,61234705,2023-01-29,69965,27101999,314172.14,25427.21,64247.57,Dinheiro
40959396754588,Posto 759,62082300,2023-01-30,74068,27101290,25988.3,18150.34,48963.97,PIX
10693186891977,Posto 760,72706720,2023-01-31,33949,27101259,406612.94,29436.28,30151.6,Dinheiro
80643689242456,Posto 761,60148864,2023-02-01,26116,27101932,246335.89,12047.41,109.44,Cartão
67628014464771,Posto 762,39429963,2023-02-02,61052,27101251,270613.74,4180.06,35727.94,PIX
46813350101484,Posto 763,29397125,2023-02-03,61369,27101999,524961.6,31670.72,22137.6,Cartão
44387326667272,Posto 764,37899688,2023-02-04,58817,27101932,280329.65,21425.61,8347.73,Cartão
13694459720974,Posto 765,81248388,2023-02-05,93203,27101241,18588.19,31501.79,6012.69,Dinheiro
44387326667272,Posto 766,36468794,2023-02-06,84311,27101230,141129.59,11316.42,27804.67,Cartão
32814832825275,Posto 767,37582031,2023-02-07,39655,27101999,288518.64,17598.32,49180.59,Dinheiro
29011497711050,Posto 768,94877073,2023-02-08,67802,27101259,258091.4,28522.39,67001.55,Dinheiro
49808276976407,Posto 769,61290944,2023-02-09,57632,27101999,517059.86,30062.53,14685.06,Cartão
32814832825275,Posto 770,60594178,2023-02-10,24193,27101921,328029.68,19243.43,33971.52,Cartão
36564007480347,Posto 771,63962745,2023-02-11,90212,27101921,415643.63,14722.61,31356.49,Dinheiro
37576342103200,Posto 772,79151225,2023-02-12,40776,27101921,284778.04,14411.33,41071.52,Dinheiro
92113840712637,Posto 773,60549415,2023-02-13,53225,27101999,267155.51,9560.27,64766.98,Cartão
40959396754588,Posto 774,94996050,2023-02-14,70010,27101290,271094.28,16944.84,44291.62,Dinheiro
99934947241273,Posto 775,97756113,2023-02-15,92735,27101932,250087.41,10772.58,67732.39,Dinheiro
70072806379938,Posto 776,32659761,2023-02-16,75451,27101921,325918.53,32056.95,41484.14,PIX
72285672699153,Posto 777,86143476,2023-02-17,58812,27101241,154763.38,28884.28,48307.79,PIX
26710344680070,Posto 778,10187486,2023-02-18,90602,27101259,535286.79,19746.85,34990.66,PIX
49808276976407,Posto 779,45183214,2023-02-19,28895,22071010,203852.82,16965.67,65847.65,PIX
61387552181268,Posto 780,42990353,2023-02-20,75782,27101921,93629.16,12643.1,73906.18,PIX
37576342103200,Posto 781,70146616,2023-02-21,31209,27101932,63350.98,27237.46,51131.58,Dinheiro
44387326667272,Posto 782,26708838,2023-02-22,92336,27101241,13973.21,46026.24,65662.6,Dinheiro
82370628326614,Posto 783,11733391,2023-02-23,71807,27101259,257176.51,34599.45,4720.27,PIX
44312628217308,Posto 784,35260526,2023-02-24,33086,27101230,117440.93,37476.32,72488.94,Cartão
55646664180312,Posto 785,47629773,2023-02-25,95637,27101251,18858.85,41884.52,15114.01,PIX
46221114558457,Posto 786,12929386,2023-02-26,92027,27101241,314891.61,18230.11,20521.63,Cartão
36564007480347,Posto 787,72589364,2023-02-27,37207,27101290,409907.26,4080.91,4266.41,Dinheiro
92113840712637,Posto 788,66733039,2023-02-28,30897,27101241,56936.12,31505.38,77232.01,Cartão
46634094027630,Posto 789,27735317,2023-03-01,73083,27101241,279786.94,10244.94,68160.87,Dinheiro
20542722395709,Posto 790,43623951,2023-03-02,76957,27101290,447715.44,28883.14,73054.77,Cartão
39521241904683,Posto 791,56848819,2023-03-03,88506,27101230,591569.25,37236.0,67777.29,Dinheiro
80643689242456,Posto 792,68169884,2023-03-04,17283,27101999,402311.06,39398.28,38362.44,Dinheiro
18707159231111,Posto 793,44515087,2023-03-05,91481,27101259,151434.69,15790.12,73926.55,PIX
55646664180312,Posto 794,93094091,2023-03-06,10255,27101241,431632.86,26109.23,77557.83,Dinheiro
65795242760593,Posto 795,96028004,2023-03-07,86555,27101241,361170.08,31427.29,40205.36,PIX
26938300300675,Posto 796,20608191,2023-03-08,25487,27101290,131808.78,41154.56,14049.98,PIX
55335799113741,Posto 797,12292056,2023-03-09,29346,27101932,511559.83,38308.04,52689.8,PIX
17237262179636,Posto 798,18547596,2023-03-10,45050,27101241,259878.23,49410.79,78035.06,Cartão
67628014464771,Posto 799,84231623,2023-03-11,18744,27101241,577414.73,1396.15,69771.75,Cartão
17237262179636,Posto 800,96497975,2023-03-12,34756,27101290,435403.2,22436.98,68945.21,Dinheiro
39521241904683,Posto 801,24444292,2023-03-13,71596,27101932,388870.51,13546.18,74705.44,PIX
82370628326614,Posto 802,14233384,2023-03-14,93397,27101290,438641.59,6874.78,71516.18,PIX
82370628326614,Posto 803,56243586,2023-03-15,35146,27101241,289989.63,45664.25,62102.53,Dinheiro
38933954896263,Posto 804,23412066,2023-03-16,65032,27101921,306104.53,49900.14,57461.83,PIX
21219446258561,Posto 805,25194144,2023-03-17,52687,27101259,511617.19,9849.21,21181.37,Dinheiro
72285672699153,Posto 806,67700728,2023-03-18,56103,27101932,410471.55,2883.24,49707.2,PIX
62338322241752,Posto 807,73081963,2023-03-19,31976,27101921,538962.54,14477.67,41719.09,Cartão
72285672699153,Posto 808,98336776,2023-03-20,72863,27101290,535151.09,41908.23,68955.53,Dinheiro
92113840712637,Posto 809,22603880,2023-03-21,10591,27101241,586035.08,15400.61,39337.01,Dinheiro
13305930811735,Posto 810,91275932,2023-03-22,16277,27101290,421927.51,3788.17,10219.42,Cartão
65795242760593,Posto 811,12873382,2023-03-23,71860,27101999,304367.22,3572.12,397.8,Dinheiro
57313428307289,Posto 812,71775706,2023-03-24,12260,27101999,104789.15,21943.72,54229.85,Cartão
99934947241273,Posto 813,95276259,2023-03-25,75883,27101241,424996.05,46659.46,43992.67,PIX
46813350101484,Posto 814,51667756,2023-03-26,34741,27101241,179197.16,15010.1,26477.03,Cartão
10693186891977,Posto 815,50682512,2023-03-27,47211,27101921,174070.86,21930.73,13517.77,Cartão
37576342103200,Posto 816,66183009,2023-03-28,51542,22071010,147542.94,5994.76,37337.23,Dinheiro
46221114558457,Posto 817,58827949,2023-03-29,16869,27101241,525822.5,25185.07,8022.92,PIX
49808276976407,Posto 818,73768642,2023-03-30,97616,27101932,521570.88,35130.81,26888.68,Cartão
36564007480347,Posto 819,57679117,2023-03-31,74732,27101932,380796.44,14286.37,30336.95,PIX
35309925740009,Posto 820,43422146,2023-04-01,29422,27101290,286950.7,15538.85,37249.5,Cartão
37576342103200,Posto 821,64103062,2023-04-02,45613,27101921,405235.99,42256.78,37329.66,Dinheiro
17237262179636,Posto 822,77855334,2023-04-03,67016,27101230,366694.29,1507.82,20560.45,Cartão
29011497711050,Posto 823,70653149,2023-04-04,70110,27101251,252946.14,32187.06,68016.88,Cartão
60050147002933,Posto 824,56290673,2023-04-05,98529,27101290,231500.74,20300.35,28443.48,PIX
38933954896263,Posto 825,26094140,2023-04-06,87922,27101241,233379.82,15620.65,18366.98,Cartão
80643689242456,Posto 826,91486985,2023-04-07,44033,27101290,355945.24,33222.1,14064.79,Dinheiro
40959396754588,Posto 827,63791192,2023-04-08,55213,27101230,390715.6,41898.76,25806.27,Dinheiro
36564007480347,Posto 828,34049484,2023-04-09,71993,27101251,274334.6,28361.21,5404.23,Cartão
65795242760593,Posto 829,96716175,2023-04-10,22938,27101230,581402.72,2523.64,2632.6,Cartão
38933954896263,Posto 830,74475688,2023-04-11,86695,27101230,55804.36,23608.66,48411.38,PIX
75563085556768,Posto 831,13429985,2023-04-12,12274,27101999,212145.93,23675.24,49531.77,PIX
75563085556768,Posto 832,61643062,2023-04-13,94390,27101932,254930.36,27646.13,42367.06,Dinheiro
60050147002933,Posto 833,64517375,2023-04-14,41815,22071010,16051.28,33876.99,60982.82,PIX
57313428307289,Posto 834,46368700,2023-04-15,86018,27101241,222784.57,1946.6,3132.04,Cartão
46221114558457,Posto 835,35623125,2023-04-16,28961,27101921,168583.69,25598.62,74877.85,Dinheiro
29011497711050,Posto 836,17058175,2023-04-17,30044,27101290,306585.54,29827.08,7605.21,PIX
37576342103200,Posto 837,75257168,2023-04-18,31975,27101241,205827.87,17824.32,53921.84,Dinheiro
10812137970621,Posto 838,72582486,2023-04-19,24706,27101999,437352.19,33749.9,10671.73,Cartão
13305930811735,Posto 839,64349411,2023-04-20,15974,27101932,308899.9,12180.71,70392.43,PIX
29011497711050,Posto 840,73445552,2023-04-21,86464,27101290,83078.77,16551.24,40857.06,Cartão
99934947241273,Posto 841,40448840,2023-04-22,31213,27101921,451536.43,48175.01,6583.48,Cartão
13305930811735,Posto 842,51787255,2023-04-23,11950,22071010,64941.96,18055.45,49337.93,Dinheiro
10812137970621,Posto 843,96125745,2023-04-24,95013,27101241,504395.21,17978.54,728.8,Dinheiro
75563085556768,Posto 844,76441338,2023-04-25,20411,27101932,559264.78,30188.35,62081.77,Dinheiro
93569004708861,Posto 845,56152021,2023-04-26,97231,27101259,197532.5,48577.79,52046.8,PIX
40959396754588,Posto 846,39125802,2023-04-27,56156,27101241,556128.72,49170.94,17009.98,PIX
18707159231111,Posto 847,20347578,2023-04-28,72744,27101230,477046.85,29403.24,29980.07,Dinheiro
10812137970621,Posto 848,24228944,2023-04-29,27771,27101230,553926.75,1053.26,624.54,PIX
89225676558124,Posto 849,20104587,2023-04-30,79810,27101251,401764.46,45132.17,55494.71,PIX
67628014464771,Posto 850,80532468,2023-05-01,45053,27101932,145972.56,28941.66,25813.45,Dinheiro
55335799113741,Posto 851,66416204,2023-05-02,62076,27101230,537346.8,18933.82,45727.11,Cartão
72454799043664,Posto 852,20897502,2023-05-03,17045,22071010,115453.46,41630.56,76538.21,PIX
55335799113741,Posto 853,45398780,2023-05-04,67623,22071010,132557.97,20591.79,23957.34,PIX
20542722395709,Posto 854,10759848,2023-05-05,39714,27101230,167011.42,2668.18,79219.03,Cartão
10812137970621,Posto 855,84209146,2023-05-06,44386,27101932,186722.31,41232.54,50618.27,Cartão
10812137970621,Posto 856,36575101,2023-05-07,18562,27101999,311600.91,27747.11,19367.09,Cartão
67628014464771,Posto 857,40543878,2023-05-08,65048,27101921,429793.67,17569.03,34942.23,Dinheiro
61387552181268,Posto 858,41952342,2023-05-09,22026,27101921,556167.66,13293.73,59236.25,Cartão
32814832825275,Posto 859,86290116,2023-05-10,41589,27101932,58531.93,30096.08,35718.23,Dinheiro
21219446258561,Posto 860,11539152,2023-05-11,36844,27101259,572895.4,11194.43,5480.61,Cartão
10812137970621,Posto 861,27601053,2023-05-12,33447,27101921,553265.84,16868.69,13488.29,Cartão
13305930811735,Posto 862,69113032,2023-05-13,87502,27101290,38075.58,32189.99,63303.82,Dinheiro
14367814975165,Posto 863,74302341,2023-05-14,93268,27101921,220030.76,44195.68,51869.85,Dinheiro
92113840712637,Posto 864,10841618,2023-05-15,64708,27101290,489007.17,27111.63,45586.04,Cartão
75563085556768,Posto 865,86459215,2023-05-16,73925,27101230,369276.47,38196.21,13409.76,Cartão
46221114558457,Posto 866,43272020,2023-05-17,80825,27101999,468781.8,38389.97,67020.6,Cartão
58940550786532,Posto 867,32768449,2023-05-18,61574,27101999,433105.8,33553.34,76859.21,PIX
10693186891977,Posto 868,48283556,2023-05-19,95548,27101921,301081.45,13046.08,3270.97,Cartão
14367814975165,Posto 869,73904076,2023-05-20,28812,27101921,30483.52,43472.64,6242.55,Dinheiro
72285672699153,Posto 870,94921420,2023-05-21,65309,27101932,353055.31,22377.51,70777.96,PIX
72454799043664,Posto 871,88859551,2023-05-22,74230,27101921,34848.59,3166.33,65244.18,Dinheiro
65795242760593,Posto 872,51920558,2023-05-23,51628,27101251,364613.67,12986.02,49434.76,PIX
10812137970621,Posto 873,43657453,2023-05-24,50581,27101251,481444.05,38511.87,75597.22,PIX
36564007480347,Posto 874,33858375,2023-05-25,56628,27101259,353485.1,4387.53,51714.45,Dinheiro
75563085556768,Posto 875,85497681,2023-05-26,98628,27101230,598230.95,8220.86,17278.82,PIX
26710344680070,Posto 876,85719543,2023-05-27,35105,27101290,276784.7,35017.11,58291.39,Dinheiro
61387552181268,Posto 877,64138275,2023-05-28,89830,27101999,450803.51,44737.44,51656.83,Cartão
72285672699153,Posto 878,76044057,2023-05-29,79157,27101230,402324.7,32052.87,78859.58,PIX
10693186891977,Posto 879,54401924,2023-05-30,42442,27101290,594910.42,11892.26,17111.66,Dinheiro
32583792063986,Posto 880,57516748,2023-05-31,97235,27101290,429652.09,3617.27,47830.79,PIX
17237262179636,Posto 881,82581888,2023-06-01,12347,27101241,103434.25,31141.2,62413.4,Dinheiro
82370628326614,Posto 882,10216194,2023-06-02,57650,27101921,573577.52,3322.53,27118.65,Cartão
99934947241273,Posto 883,79562946,2023-06-03,27110,27101259,402659.67,31023.38,30374.37,Cartão
46221114558457,Posto 884,83583331,2023-06-04,72170,27101921,41246.91,12053.42,71032.15,PIX
26710344680070,Posto 885,68727655,2023-06-05,14923,27101259,396595.57,45328.15,32335.59,PIX
92113840712637,Posto 886,99643202,2023-06-06,61801,27101230,530572.93,24279.54,49978.63,Dinheiro
26710344680070,Posto 887,87693286,2023-06-07,72771,27101932,348762.87,11972.98,71139.05,Dinheiro
20542722395709,Posto 888,66463786,2023-06-08,91147,27101932,216287.66,42804.12,16786.13,PIX
32583792063986,Posto 889,11034023,2023-06-09,58135,27101230,493620.32,13447.73,78550.18,Dinheiro
20542722395709,Posto 890,40156188,2023-06-10,29199,27101251,470812.13,16023.35,56156.28,Dinheiro
14367814975165,Posto 891,52336585,2023-06-11,19066,27101290,329244.2,41879.62,39689.74,Dinheiro
65795242760593,Posto 892,94186843,2023-06-12,62136,27101259,97690.89,16130.81,34473.65,PIX
99934947241273,Posto 893,36221432,2023-06-13,46575,22071010,155085.97,21098.02,76349.17,Cartão
58940550786532,Posto 894,80958046,2023-06-14,99796,27101921,444659.48,18035.62,16457.99,Cartão
55646664180312,Posto 895,38611730,2023-06-15,56733,27101230,484812.81,6703.62,24934.66,Dinheiro
67628014464771,Posto 896,42084226,2023-06-16,26991,27101290,171883.58,2905.89,24623.42,PIX
62425115410466,Posto 897,95450538,2023-06-17,32553,27101259,224583.14,36502.49,23120.51,Dinheiro
92113840712637,Posto 898,17919584,2023-06-18,99710,27101999,52113.34,32611.72,37483.04,Cartão
65795242760593,Posto 899,45132018,2023-06-19,97493,27101921,429796.4,14835.94,79134.34,Dinheiro
14367814975165,Posto 900,14474220,2023-06-20,10634,27101932,8125.06,15484.36,71102.94,Cartão
70072806379938,Posto 901,18736857,2023-06-21,22771,27101230,33645.66,47305.28,26235.97,PIX
58940550786532,Posto 902,10986275,2023-06-22,28298,27101932,8580.38,49395.89,33829.61,Dinheiro
78821056528514,Posto 903,72919136,2023-06-23,89876,27101259,389319.83,24198.31,53558.46,PIX
58940550786532,Posto 904,36780164,2023-06-24,45999,27101932,253927.95,40320.14,1372.13,Dinheiro
18707159231111,Posto 905,13394020,2023-06-25,81887,27101921,182742.78,37097.61,65612.29,Dinheiro
35309925740009,Posto 906,19860685,2023-06-26,69648,27101251,548144.4,15568.57,70383.84,Dinheiro
40959396754588,Posto 907,94696666,2023-06-27,72668,27101290,120524.86,3869.57,68576.03,Dinheiro
35309925740009,Posto 908,59562381,2023-06-28,79374,27101251,237284.6,7985.26,30004.35,Dinheiro
38933954896263,Posto 909,41471719,2023-06-29,77509,27101230,564545.21,42076.41,36959.96,PIX
37576342103200,Posto 910,86926403,2023-06-30,85783,27101251,259701.3,36829.48,991.07,PIX
44312628217308,Posto 911,72434790,2023-07-01,54440,27101241,335488.05,33552.41,31951.63,Cartão
39521241904683,Posto 912,38026421,2023-07-02,41655,27101290,53720.1,7401.79,36834.15,Dinheiro
26938300300675,Posto 913,61680131,2023-07-03,53039,27101259,475358.83,32356.6,72557.94,Cartão
72454799043664,Posto 914,56253533,2023-07-04,65255,27101290,257118.71,38835.46,71519.01,PIX
55335799113741,Posto 915,36324690,2023-07-05,82219,27101241,481505.98,43169.49,77287.77,Cartão
61387552181268,Posto 916,78090462,2023-07-06,64989,22071010,156755.8,1648.33,70808.4,PIX
21219446258561,Posto 917,19348148,2023-07-07,21244,27101251,256952.38,34539.28,656.06,Dinheiro
46221114558457,Posto 918,70941388,2023-07-08,68595,27101290,473210.07,1935.79,51316.87,Cartão
14367814975165,Posto 919,88685499,2023-07-09,49551,27101932,584483.39,35636.77,5459.01,Cartão
17237262179636,Posto 920,51974581,2023-07-10,73230,27101259,41417.56,32145.45,21807.54,Cartão
26938300300675,Posto 921,93173193,2023-07-11,38371,27101999,488598.97,8269.05,46264.61,Cartão
35309925740009,Posto 922,52418799,2023-07-12,79358,27101230,184609.31,38539.97,56049.11,Dinheiro
13305930811735,Posto 923,81432356,2023-07-13,38878,27101230,333141.51,4349.03,52370.56,PIX
46634094027630,Posto 924,94094230,2023-07-14,46157,27101230,178314.81,41493.54,3924.67,PIX
62425115410466,Posto 925,29350554,2023-07-15,15914,27101290,370386.61,13834.53,8288.31,Dinheiro
71947746577780,Posto 926,43322053,2023-07-16,93700,27101251,216158.88,34753.74,10286.95,PIX
26938300300675,Posto 927,78967641,2023-07-17,37180,27101290,204167.25,46260.78,7313.15,Cartão
17237262179636,Posto 928,83619393,2023-07-18,13688,27101921,28535.36,17651.52,14258.75,Dinheiro
26710344680070,Posto 929,94366700,2023-07-19,90219,27101932,93294.48,25641.81,55079.02,PIX
75563085556768,Posto 930,73459004,2023-07-20,88616,27101999,550744.45,23692.78,66466.98,Dinheiro
70072806379938,Posto 931,82044364,2023-07-21,19916,27101999,598976.79,8722.96,32705.11,Dinheiro
58940550786532,Posto 932,14863099,2023-07-22,66363,27101932,469629.22,29925.29,55422.52,PIX
13694459720974,Posto 933,32973735,2023-07-23,37360,27101241,176366.7,37407.09,16001.3,PIX
21219446258561,Posto 934,78231071,2023-07-24,47805,27101921,245052.41,45926.87,77862.41,Dinheiro
82370628326614,Posto 935,29468143,2023-07-25,23453,27101259,445265.05,42689.33,27999.8,Dinheiro
40959396754588,Posto 936,73224359,2023-07-26,32703,27101999,581297.05,25990.95,67669.35,PIX
92113840712637,Posto 937,20204207,2023-07-27,69021,27101230,276549.88,36231.84,75629.31,Dinheiro
62338322241752,Posto 938,75731254,2023-07-28,84176,27101290,498736.31,40238.39,69177.12,PIX
55646664180312,Posto 939,88694986,2023-07-29,91614,27101241,585190.94,25180.95,5365.41,Dinheiro
36564007480347,Posto 940,96051536,2023-07-30,98919,27101932,524843.06,6655.95,52024.57,Dinheiro
44387326667272,Posto 941,57831146,2023-07-31,91072,22071010,140926.95,22458.61,9607.26,Dinheiro
55646664180312,Posto 942,79261123,2023-08-01,17410,27101259,10770.93,42281.42,453.04,PIX
82370628326614,Posto 943,13390919,2023-08-02,91462,27101230,298296.53,30235.43,4142.68,Cartão
32814832825275,Posto 944,53648136,2023-08-03,58268,27101999,321628.33,36498.46,73291.94,PIX
20542722395709,Posto 945,48009669,2023-08-04,44248,27101290,125542.72,10078.13,72677.08,Dinheiro
89225676558124,Posto 946,15871348,2023-08-05,41159,27101932,175096.59,48252.55,18065.95,Cartão
36564007480347,Posto 947,45933652,2023-08-06,52039,27101259,460500.98,20799.95,43764.9,Cartão
13694459720974,Posto 948,80627929,2023-08-07,57800,22071010,285386.27,33028.14,76402.26,Dinheiro
60050147002933,Posto 949,45338642,2023-08-08,50761,27101241,194508.33,1924.74,39736.49,PIX
60050147002933,Posto 950,48752795,2023-08-09,96103,27101999,375839.86,7238.64,31486.23,Cartão
37576342103200,Posto 951,84449991,2023-08-10,53663,27101290,393739.3,39319.68,38659.9,Cartão
20542722395709,Posto 952,79572365,2023-08-11,90903,27101230,463021.09,48430.5,63217.26,PIX
71947746577780,Posto 953,36910743,2023-08-12,50412,27101932,99085.32,16682.71,38182.21,PIX
78821056528514,Posto 954,52971759,2023-08-13,45367,27101932,446461.25,2821.86,62662.21,Cartão
55335799113741,Posto 955,87084459,2023-08-14,15813,27101241,362060.46,18682.46,34535.8,PIX
44312628217308,Posto 956,42992740,2023-08-15,69894,27101251,40197.69,1855.94,20160.45,Cartão
58940550786532,Posto 957,46373559,2023-08-16,61444,27101251,467802.7,10426.28,26117.82,Dinheiro
49808276976407,Posto 958,83888729,2023-08-17,44269,27101230,233549.69,37871.13,6225.88,PIX
36564007480347,Posto 959,95818999,2023-08-18,71748,22071010,202246.27,46917.33,39790.49,Cartão
46813350101484,Posto 960,20254769,2023-08-19,51190,27101932,272156.64,5285.01,11848.87,PIX
99934947241273,Posto 961,34397736,2023-08-20,50318,27101932,211628.0,28337.14,64923.76,PIX
65795242760593,Posto 962,41163841,2023-08-21,47018,27101932,206941.64,13440.16,33647.25,Cartão
46221114558457,Posto 963,74525080,2023-08-22,49759,27101241,485998.13,7813.9,61200.19,Dinheiro
46813350101484,Posto 964,75213299,2023-08-23,26498,27101251,79956.12,11730.03,76356.83,Cartão
82370628326614,Posto 965,68983612,2023-08-24,35989,27101921,582536.44,29310.39,67958.24,PIX
13305930811735,Posto 966,75151785,2023-08-25,35568,27101259,335629.4,4191.59,76117.09,Cartão
44387326667272,Posto 967,36293184,2023-08-26,76577,27101241,114656.86,22276.71,45434.92,PIX
89225676558124,Posto 968,25565219,2023-08-27,40099,27101999,83942.0,7626.16,13225.95,Cartão
93569004708861,Posto 969,18731896,2023-08-28,99900,22071010,357356.66,14361.18,74831.68,Dinheiro
61387552181268,Posto 970,45556939,2023-08-29,50639,22071010,382001.67,10346.96,69480.35,Dinheiro
62425115410466,Posto 971,12652808,2023-08-30,33482,27101259,37497.31,44265.8,69153.04,Dinheiro
62425115410466,Posto 972,22260515,2023-08-31,79212,22071010,150343.14,35692.56,55461.95,Dinheiro
57313428307289,Posto 973,23692648,2023-09-01,65261,22071010,478504.38,43554.67,49993.3,Cartão
26710344680070,Posto 974,71498622,2023-09-02,97317,27101921,35477.03,19789.68,1177.91,Dinheiro
13305930811735,Posto 975,92061787,2023-09-03,40048,22071010,513922.67,16357.25,59844.33,Cartão
10812137970621,Posto 976,93312421,2023-09-04,13065,27101932,396948.51,19648.77,7322.81,PIX
67628014464771,Posto 977,20877097,2023-09-05,12036,27101241,264047.42,1908.86,20780.07,PIX
60050147002933,Posto 978,67698477,2023-09-06,45814,27101251,211781.11,36510.51,44119.22,PIX
72285672699153,Posto 979,61689941,2023-09-07,69694,22071010,17433.88,18138.85,36138.61,Dinheiro
40959396754588,Posto 980,38850620,2023-09-08,26924,27101230,496177.68,16352.87,1261.95,Dinheiro
62338322241752,Posto 981,48310929,2023-09-09,70204,27101230,90776.78,30308.91,65918.8,Dinheiro
13694459720974,Posto 982,82242245,2023-09-10,42844,27101230,189867.94,22376.25,70304.08,PIX
55646664180312,Posto 983,48402675,2023-09-11,91943,22071010,344049.55,49061.33,54549.84,PIX
13305930811735,Posto 984,72423631,2023-09-12,31518,27101999,152119.6,18456.4,43285.43,PIX
10812137970621,Posto 985,96311438,2023-09-13,27059,27101932,301301.44,31080.9,76859.03,PIX
80643689242456,Posto 986,89240879,2023-09-14,33052,27101290,486749.64,16270.9,9596.5,Cartão
70072806379938,Posto 987,73014156,2023-09-15,79803,22071010,285499.53,49539.15,59032.8,Cartão
58940550786532,Posto 988,81026294,2023-09-16,81524,27101999,569692.54,22810.44,10268.85,Dinheiro
32583792063986,Posto 989,23628984,2023-09-17,99572,27101290,509415.37,32072.31,30547.58,Dinheiro
38933954896263,Posto 990,69394758,2023-09-18,18680,27101259,203825.31,7209.36,46838.76,PIX
35309925740009,Posto 991,15544223,2023-09-19,77021,27101921,243577.5,36918.19,58967.02,Cartão
29011497711050,Posto 992,38694421,2023-09-20,90249,27101932,257456.08,14191.29,297.29,Cartão
14367814975165,Posto 993,22992054,2023-09-21,30043,22071010,377950.6,22982.05,20847.83,Dinheiro
72454799043664,Posto 994,49497144,2023-09-22,12419,27101241,176356.66,44273.52,43056.03,Cartão
62338322241752,Posto 995,11171758,2023-09-23,66892,27101241,581733.99,48557.07,42629.89,Dinheiro
44387326667272,Posto 996,26702269,2023-09-24,27140,27101241,367558.43,21804.03,51010.11,PIX
32814832825275,Posto 997,15276085,2023-09-25,53484,27101259,243244.59,41905.33,24308.29,PIX
62338322241752,Posto 998,70847125,2023-09-26,73869,27101259,389135.83,3614.1,43242.34,Dinheiro
46221114558457,Posto 999,84294044,2023-09-27,55210,27101290,240870.58,42531.13,15182.94,PIX
